Timestamp,Wave,Task,Action,Files_Changed,Validation_Run,Result,Evidence_Path,Next_Action
Package creation,58,Autonomous Instruction Brain,Generated seven core instruction files plus hydration/report/manifest artifacts,Plan/Instructions/*,Static package validation,PASS,Reports/WAVE58_VALIDATION_REPORT.json,Begin Wave 59
2026-07-06T04:53:12Z,59,Built directory/index/catalogue awareness layer,Plan/Instructions/Indexes and Wave59 reports,static_complete
2026-07-06,62,Created hydration/rehydration finalization system,Plan/Instructions/Hydration_Rehydration,completed
2026-07-06,62,Created final Wave 58-62 completion certification,Plan/Instructions/Hydration_Rehydration/WAVE58_62_FINAL_COMPLETION_CERTIFICATION.md,completed
2026-07-06T00:36:08-05:00,59,Live local directory/index validation,"Patched generator compatibility, regenerated live indexes, validated JSON/CSV counts, and confirmed .env exclusion","Plan/Instructions/Scripts/Generate-Project-Indexes.ps1; Plan/Instructions/Indexes/Generated/*; Plan/Instructions/QA/Evidence/Index_Validation/W59_LIVE_INDEX_REGENERATION_20260706T003608-0500.json","Generate-Project-Indexes.ps1; ConvertFrom-Json; Import-Csv secret exclusion check",PASS_WITH_NOTES,Plan/Instructions/QA/Evidence/Index_Validation/W59_LIVE_INDEX_REGENERATION_20260706T003608-0500.json,Proceed to live Git status verification or next local validation per tracker priority
2026-07-06T00:42:00-05:00,59/60,Secret-safe local Git verification,"Confirmed C:\Comfy_UI_Main lacks .git metadata; created and validated .gitignore and .env.example secret guards",".gitignore; .env.example; Plan/Instructions/QA/Evidence/Git_Verification/W59_W60_GIT_LOCAL_VERIFICATION_20260706T004200-0500.json","Git root/branch/HEAD checks; filesystem secret guard validation",BLOCKED,Plan/Instructions/QA/Evidence/Git_Verification/W59_W60_GIT_LOCAL_VERIFICATION_20260706T004200-0500.json,Select Git recovery task or continue local non-Git validation
2026-07-06T00:46:32-05:00,60,Operations static validation,"Parsed 7 PowerShell helpers, parsed 5 schema/template JSON files, and smoke-tested New-ModelRegistryRecord locally","Plan/Instructions/Operations/Scripts; Plan/Instructions/Operations/Schemas; Plan/Instructions/Operations/Templates; Plan/Instructions/QA/Evidence/Operations_Static_Validation/W60_OPERATIONS_STATIC_VALIDATION_20260706T004632-0500.json","PowerShell parser; ConvertFrom-Json; New-ModelRegistryRecord smoke test",PASS_WITH_NOTES,Plan/Instructions/QA/Evidence/Operations_Static_Validation/W60_OPERATIONS_STATIC_VALIDATION_20260706T004632-0500.json,Select next local validation or dedicated external-resource task
2026-07-06T00:51:11-05:00,61,QA helper static validation,"Parsed QA helper scripts, parsed schemas/templates, checked markdown templates, and generated sample QA/done-cert records","Plan/Instructions/QA/Scripts; Plan/Instructions/QA/Schemas; Plan/Instructions/QA/Templates; Plan/Instructions/QA/Evidence/QA_Helper_Static_Validation/W61_QA_HELPER_STATIC_VALIDATION_20260706T005111-0500.json","PowerShell parser; ConvertFrom-Json; helper smoke tests",PASS_WITH_NOTES,Plan/Instructions/QA/Evidence/QA_Helper_Static_Validation/W61_QA_HELPER_STATIC_VALIDATION_20260706T005111-0500.json,Select next local validation or dedicated runtime/external-resource task
2026-07-06T00:54:25-05:00,62,Hydration helper static validation,"Parsed hydration helper scripts/templates, generated sample session state, and recorded cumulative zip validation as pending because no zip was found","Plan/Instructions/Hydration_Rehydration/Scripts; Plan/Instructions/Hydration_Rehydration/Templates; Plan/Instructions/QA/Evidence/Hydration_Helper_Static_Validation/W62_HYDRATION_HELPER_STATIC_VALIDATION_20260706T005425-0500.json","PowerShell parser; ConvertFrom-Json; Import-Csv; New-SessionState smoke test; zip search",PASS_WITH_PENDING_VALIDATION,Plan/Instructions/QA/Evidence/Hydration_Helper_Static_Validation/W62_HYDRATION_HELPER_STATIC_VALIDATION_20260706T005425-0500.json,Continue local validation or restore/create cumulative zip before pack test
2026-07-06T01:06:03-05:00,59/60,Git recovery initial commit and push,"Initialized Git, configured origin, enabled LFS for oversized CSVs, committed project state, pushed main, and verified remote HEAD",".git; .gitattributes; .gitignore; .env.example; Plan; Plan/Instructions/QA/Evidence/Git_Verification/W59_W60_GIT_RECOVERY_INITIAL_COMMIT_20260706T010603-0500.json","git init; git fetch; git lfs install; staged secret scan; git commit; git push; git ls-remote",PASS,Plan/Instructions/QA/Evidence/Git_Verification/W59_W60_GIT_RECOVERY_INITIAL_COMMIT_20260706T010603-0500.json,Commit and push the recovery evidence/tracker update
2026-07-06T01:10:16-05:00,59/60,Git recovery evidence commit verification,"Verified the Git recovery evidence/tracker commit is present locally and on origin/main with clean status","Plan/Instructions/Hydration_Rehydration; Plan/Instructions/QA/Evidence/Git_Verification/W59_W60_GIT_RECOVERY_EVIDENCE_COMMIT_VERIFICATION_20260706T011016-0500.json","git status --branch --short; git rev-parse HEAD; git ls-remote origin refs/heads/main",PASS,Plan/Instructions/QA/Evidence/Git_Verification/W59_W60_GIT_RECOVERY_EVIDENCE_COMMIT_VERIFICATION_20260706T011016-0500.json,Resolve or create cumulative zip for Wave 62 pack validation
2026-07-06T01:15:48-05:00,62,Cumulative pack build and validation,"Built final Wave 58-62 cumulative zip from tracked project files with private-path guard and official pack validation","Comfy_UI_Main_Autonomous_Codex_Desktop_Waves58_62_Cumulative.zip; .gitattributes; Plan/Instructions/QA/Evidence/Hydration_Helper_Static_Validation/W62_CUMULATIVE_PACK_VALIDATION_20260706T011548-0500.json","git ls-files package build; private path guard; git grep token scan; Test-CumulativeWavePack.ps1",PASS,Plan/Instructions/QA/Evidence/Hydration_Helper_Static_Validation/W62_CUMULATIVE_PACK_VALIDATION_20260706T011548-0500.json,Run secret-safe runtime readiness preflight
2026-07-06T01:23:01-05:00,60/61,Runtime readiness preflight,"Validated GitHub API AWS account EC2 identity EBS volume Civitai metadata endpoint and local ComfyUI/runtime inventory without printing secrets or starting EC2","Plan/Instructions/QA/Evidence/Runtime_Readiness/W60_W61_RUNTIME_READINESS_PREFLIGHT_20260706T012301-0500.json","redacted .env key presence; git status/remote; GitHub API; aws sts; aws ec2 describe-instances; aws ec2 describe-volumes; Civitai metadata; local path inventory",PASS_WITH_LOCAL_RUNTIME_BLOCKER,Plan/Instructions/QA/Evidence/Runtime_Readiness/W60_W61_RUNTIME_READINESS_PREFLIGHT_20260706T012301-0500.json,Create bounded EC2 runtime discovery run and stop plan
2026-07-06T01:46:30-05:00,60/61,Bounded EC2 runtime discovery,"Started verified EC2 instance ran SSM GPU and path discovery found /home/ubuntu/ComfyUI found no Comfy_UI_Main checkout then stopped and verified stopped","Plan/Instructions/Operations/Run_Records/aws_gpu_run_20260706T012748-0500.json; Plan/Instructions/QA/Evidence/EC2_Runtime_Discovery/W60_W61_EC2_RUNTIME_DISCOVERY_20260706T012748-0500.json","aws ec2 start-instances; status checks; aws ssm describe-instance-information; aws ssm send-command; aws ec2 stop-instances",PASS_WITH_PROJECT_SYNC_REQUIRED,Plan/Instructions/QA/Evidence/EC2_Runtime_Discovery/W60_W61_EC2_RUNTIME_DISCOVERY_20260706T012748-0500.json,Run bounded EC2 project sync then stop verification
2026-07-06T01:59:07-05:00,60/61,Bounded EC2 project sync,"Started verified EC2 instance cloned Comfy_UI_Main to /home/ubuntu/Comfy_UI_Main pulled Git LFS verified matching HEAD and .env absence then stopped and verified stopped","Plan/Instructions/Operations/Run_Records/aws_gpu_run_20260706T015022-0500.json; Plan/Instructions/QA/Evidence/EC2_Project_Sync/W60_W61_EC2_PROJECT_SYNC_20260706T015022-0500.json","aws ec2 start-instances; aws ssm send-command; git clone; git lfs pull; git status; aws ec2 stop-instances",PASS,Plan/Instructions/QA/Evidence/EC2_Project_Sync/W60_W61_EC2_PROJECT_SYNC_20260706T015022-0500.json,Run bounded EC2 ComfyUI model workflow inventory
2026-07-06T02:10:57-05:00,60/61,Bounded EC2 runtime inventory,"Started verified EC2 instance updated remote project inventoried ComfyUI model folders custom nodes runtime requirements and stopped verified stopped","Plan/Instructions/Operations/Run_Records/aws_gpu_run_20260706T020209-0500.json; Plan/Instructions/QA/Evidence/EC2_Runtime_Inventory/W60_W61_EC2_RUNTIME_INVENTORY_20260706T020209-0500.json","aws ec2 start-instances; aws ssm send-command; git pull; git lfs pull; model folder inventory; runtime requirement inventory; aws ec2 stop-instances",PASS,Plan/Instructions/QA/Evidence/EC2_Runtime_Inventory/W60_W61_EC2_RUNTIME_INVENTORY_20260706T020209-0500.json,Select lowest-risk workflow lane for bounded execution
2026-07-06T02:40:25-05:00,61,Workflow lane selection and graph authoring,"Selected sdxl_low_risk_fallback_lane authored workflow.api.json patch_points.json runtime_requirements.json and smoke_test_request.json then recorded AWS login expiry before EC2 hash object_info execution proof","Plan/07_IMPLEMENTATION/workflow_templates/base_generation/sdxl_low_risk_fallback_lane; Plan/Instructions/QA/Evidence/Workflow_Prerequisite_Matching/W61_WORKFLOW_LANE_SELECTION_20260706T024025-0500.json; Plan/Instructions/Operations/Run_Records/aws_gpu_run_20260706T022710-0500.json","ConvertFrom-Json on authored workflow files; EC2 stop verification; AWS sts/ec2 auth checks",SELECTED_PENDING_RUNTIME_VALIDATION,Plan/Instructions/QA/Evidence/Workflow_Prerequisite_Matching/W61_WORKFLOW_LANE_SELECTION_20260706T024025-0500.json,Refresh AWS CLI default login then rerun EC2 static lane proof
2026-07-06T02:48:46-05:00,61,SDXL workflow static validation,"Added reusable local ComfyUI workflow static validator and EC2 lane static proof helper then validated sdxl_low_risk_fallback_lane graph references patch points required nodes checkpoint reference and dry-run EC2 proof plan","Plan/Instructions/QA/Scripts/Test-ComfyWorkflowStatic.ps1; Plan/Instructions/Operations/Scripts/Invoke-EC2LaneStaticProof.ps1; Plan/Instructions/QA/Evidence/Workflow_Static_Validation/W61_SDXL_LOW_RISK_WORKFLOW_STATIC_VALIDATION_20260706T024811-0500.json","PowerShell parser; Test-ComfyWorkflowStatic.ps1; Invoke-EC2LaneStaticProof.ps1 dry-run",PASS_STATIC_ONLY,Plan/Instructions/QA/Evidence/Workflow_Static_Validation/W61_SDXL_LOW_RISK_WORKFLOW_STATIC_VALIDATION_20260706T024811-0500.json,Refresh AWS CLI default login then run EC2 static proof with -Execute
2026-07-06T02:55:36-05:00,61,ComfyUI smoke helper dry run,"Added bounded ComfyUI workflow smoke helper and generated the patched /prompt request body for sdxl_low_risk_fallback_lane without starting EC2 or running generation","Plan/Instructions/Operations/Scripts/Invoke-ComfyWorkflowSmoke.ps1; Plan/Instructions/QA/Evidence/Workflow_Static_Validation/W61_COMFY_WORKFLOW_SMOKE_DRY_RUN_20260706T025536-0500.json; Plan/Instructions/QA/Evidence/Workflow_Static_Validation/W61_COMFY_WORKFLOW_SMOKE_REQUEST_20260706T025536-0500.json","PowerShell parser; Invoke-ComfyWorkflowSmoke.ps1 dry-run; ConvertFrom-Json",PASS_STATIC_ONLY,Plan/Instructions/QA/Evidence/Workflow_Static_Validation/W61_COMFY_WORKFLOW_SMOKE_DRY_RUN_20260706T025536-0500.json,After EC2 static proof run smoke helper with -Execute against running ComfyUI API
2026-07-06T03:00:37-05:00,61,Image artifact QA helper dry run,"Added image artifact QA helper and generated pending-artifact QA record plus checklist for the future SDXL smoke output without claiming visual review","Plan/Instructions/QA/Scripts/New-ImageArtifactQARecord.ps1; Plan/Instructions/QA/Evidence/Image_Artifact_QA/W61_IMAGE_QA_DRY_RUN_20260706T030037-0500.json; Plan/Instructions/QA/Evidence/Image_Artifact_QA/W61_IMAGE_QA_CHECKLIST_DRY_RUN_20260706T030037-0500.md","PowerShell parser; New-ImageArtifactQARecord.ps1 dry-run; temporary PNG technical-inspection smoke test; ConvertFrom-Json",PASS_STATIC_ONLY,Plan/Instructions/QA/Evidence/Image_Artifact_QA/W61_IMAGE_QA_DRY_RUN_20260706T030037-0500.json,After generated image pullback run image QA helper on real artifact then complete visual review
2026-07-06T03:10:07-05:00,60/61,AWS auth gate blocker evidence,"Added Test-AwsAuthGate.ps1 and recorded redacted AWS auth evidence; aws login --remote requires browser authorization and this non-interactive shell cannot provide the code","Plan/Instructions/Operations/Scripts/Test-AwsAuthGate.ps1; Plan/Instructions/QA/Evidence/Runtime_Readiness/W60_W61_AWS_AUTH_GATE_20260706T031007-0500.json; Plan/Instructions/QA/Evidence/Done_Certifications/CERT_W60_W61_AWS_AUTH_GATE_HELPER_20260706T031007-0500.md","PowerShell parser; Test-AwsAuthGate.ps1 -AttemptRemoteLogin; ConvertFrom-Json; redaction check",BLOCKED_EXTERNAL_AUTH_RECORDED,Plan/Instructions/QA/Evidence/Runtime_Readiness/W60_W61_AWS_AUTH_GATE_20260706T031007-0500.json,Complete AWS remote browser login externally then rerun auth gate before EC2 static proof
2026-07-06T03:17:58-05:00,60,EC2 pullback record helper dry run,"Added New-EC2PullbackRecord.ps1 to create local PULLBACK_RECORD-style metadata with file counts hashes remote manifest comparison and QA routing after runtime artifact pullback","Plan/Instructions/Operations/Scripts/New-EC2PullbackRecord.ps1; Plan/Instructions/QA/Evidence/Runtime_Readiness/W60_EC2_PULLBACK_RECORD_DRY_RUN_20260706T031758-0500.json; Plan/Instructions/QA/Evidence/Done_Certifications/CERT_W60_EC2_PULLBACK_RECORD_HELPER_DRY_RUN_20260706T031758-0500.md","PowerShell parser; dry-run record generation; temporary manifest/hash smoke test; ConvertFrom-Json",PASS_STATIC_ONLY,Plan/Instructions/QA/Evidence/Runtime_Readiness/W60_EC2_PULLBACK_RECORD_DRY_RUN_20260706T031758-0500.json,After smoke execution pull artifacts back locally then run New-EC2PullbackRecord before modality QA
2026-07-06T03:23:45-05:00,61,Selected lane runtime readiness gate,"Added Test-LaneRuntimeReadiness.ps1 and recorded that the selected SDXL lane is locally ready for EC2 static proof but blocked by AWS auth and missing object-info/path/hash proof","Plan/Instructions/Operations/Scripts/Test-LaneRuntimeReadiness.ps1; Plan/Instructions/QA/Evidence/Runtime_Readiness/W61_LANE_RUNTIME_READINESS_20260706T032345-0500.json; Plan/Instructions/QA/Evidence/Done_Certifications/CERT_W61_LANE_RUNTIME_READINESS_LOCAL_GATE_20260706T032345-0500.md","PowerShell parser; lane JSON validation; helper parser validation; evidence JSON validation; auth gate inspection",LOCAL_PRE_EC2_READY_RUNTIME_BLOCKED,Plan/Instructions/QA/Evidence/Runtime_Readiness/W61_LANE_RUNTIME_READINESS_20260706T032345-0500.json,Complete AWS browser login rerun auth gate then EC2 static proof
2026-07-06T03:39:29-05:00,60/61,EC2 workflow smoke-run coordinator dry run,"Added Invoke-EC2WorkflowSmokeRun.ps1 to coordinate auth/readiness/static-proof gates, remote ComfyUI prompt execution, artifact manifest creation, optional S3 pullback, and stop verification; dry-run built the request and refused EC2 start/generation because auth/static proof are missing","Plan/Instructions/Operations/Scripts/Invoke-EC2WorkflowSmokeRun.ps1; Plan/Instructions/QA/Evidence/Workflow_Runtime/W61_EC2_WORKFLOW_SMOKE_RUN_DRY_RUN_20260706T033928-0500.json; Plan/Instructions/QA/Evidence/Workflow_Runtime/W61_EC2_WORKFLOW_SMOKE_RUN_REQUEST_20260706T033928-0500.json; Plan/Instructions/QA/Evidence/Runtime_Readiness/W61_LANE_RUNTIME_READINESS_20260706T033522-0500.json; Plan/Instructions/QA/Evidence/Done_Certifications/CERT_W61_EC2_WORKFLOW_SMOKE_RUN_HELPER_DRY_RUN_20260706T033928-0500.md","PowerShell parser; Invoke-EC2WorkflowSmokeRun.ps1 dry-run; patched request JSON parse; Test-LaneRuntimeReadiness.ps1 rerun",GATED_NO_START_NO_GENERATION,Plan/Instructions/QA/Evidence/Workflow_Runtime/W61_EC2_WORKFLOW_SMOKE_RUN_DRY_RUN_20260706T033928-0500.json,Refresh AWS auth rerun readiness run EC2 static proof then execute coordinator
2026-07-06T03:45:16-05:00,60/61,EC2 static-proof gate refresh,"Updated Invoke-EC2LaneStaticProof.ps1 to enforce auth/readiness gates before AWS identity checks or EC2 start, validated blocked execute no-start behavior, and refreshed readiness/coordinator evidence so dry-run and blocked files are not treated as real static proof","Plan/Instructions/Operations/Scripts/Invoke-EC2LaneStaticProof.ps1; Plan/Instructions/Operations/Scripts/Test-LaneRuntimeReadiness.ps1; Plan/Instructions/Operations/Scripts/Invoke-EC2WorkflowSmokeRun.ps1; Plan/Instructions/QA/Evidence/Workflow_Static_Validation/W61_EC2_LANE_STATIC_PROOF_DRY_RUN_GATED_20260706T034448-0500.json; Plan/Instructions/QA/Evidence/Workflow_Static_Validation/W61_EC2_LANE_STATIC_PROOF_BLOCKED_EXECUTE_20260706T034448-0500.json; Plan/Instructions/QA/Evidence/Runtime_Readiness/W61_LANE_RUNTIME_READINESS_20260706T034515-0500.json; Plan/Instructions/QA/Evidence/Workflow_Runtime/W61_EC2_WORKFLOW_SMOKE_RUN_DRY_RUN_20260706T034516-0500.json; Plan/Instructions/QA/Evidence/Done_Certifications/CERT_W61_EC2_STATIC_PROOF_GATE_REFRESH_20260706T034516-0500.md","PowerShell parser; gated static-proof dry-run; blocked execute expected exit 2; readiness rerun; coordinator dry-run; JSON parse pending final validation",GATED_NO_START_NO_GENERATION,Plan/Instructions/QA/Evidence/Workflow_Static_Validation/W61_EC2_LANE_STATIC_PROOF_BLOCKED_EXECUTE_20260706T034448-0500.json,Refresh AWS auth then rerun auth gate readiness and EC2 static proof
2026-07-06T03:51:48-05:00,60/61,Current operations helper static validation,"Added Test-OperationsHelperStatic.ps1 and validated the current operations helper set after the new EC2 static-proof and smoke-run coordinator changes: 14 scripts parsed, 5 JSON schemas/templates parsed, and 6 local-only smoke checks passed without AWS/Civitai/GitHub/EC2 runtime actions","Plan/Instructions/Operations/Scripts/Test-OperationsHelperStatic.ps1; Plan/Instructions/QA/Evidence/Operations_Static_Validation/W60_OPERATIONS_HELPER_CURRENT_VALIDATION_20260706T035148-0500.json; Plan/Instructions/QA/Evidence/Done_Certifications/CERT_W60_OPERATIONS_HELPER_CURRENT_VALIDATION_20260706T035148-0500.md","PowerShell parser; JSON parse; local-only dry-run smoke tests; latest evidence JSON checks",PASS_LOCAL_ONLY,Plan/Instructions/QA/Evidence/Operations_Static_Validation/W60_OPERATIONS_HELPER_CURRENT_VALIDATION_20260706T035148-0500.json,Refresh AWS auth then rerun auth gate readiness and EC2 static proof
2026-07-06T03:59:00-05:00,59/60,Git current state recheck,"Confirmed C:\Comfy_UI_Main already has .git, canonical origin, ignored/untracked .env, GitHub/Civitai secret variable names present without values printed, and local main matching origin/main","Plan/Instructions/QA/Evidence/Git_Verification/W59_W60_GIT_CURRENT_RECHECK_20260706T035900-0500.json; Plan/Instructions/QA/Evidence/Done_Certifications/CERT_W59_W60_GIT_CURRENT_RECHECK_20260706T035900-0500.md","git status; git rev-parse; git ls-remote; git check-ignore; git ls-files --error-unmatch .env; .env variable-name-only inspection",PASS_CONFIRMED_RESOLVED,Plan/Instructions/QA/Evidence/Git_Verification/W59_W60_GIT_CURRENT_RECHECK_20260706T035900-0500.json,Refresh AWS auth then rerun auth gate readiness and EC2 static proof
2026-07-06T04:02:05-05:00,60/61,Operations helper evidence temp-path redaction,"Updated Test-OperationsHelperStatic.ps1 to redact validation temp paths, regenerated current operations helper validation, and confirmed all 14 scripts, 5 JSON schema/template files, and 6 local smoke checks pass","Plan/Instructions/Operations/Scripts/Test-OperationsHelperStatic.ps1; Plan/Instructions/QA/Evidence/Operations_Static_Validation/W60_OPERATIONS_HELPER_CURRENT_VALIDATION_20260706T040205-0500.json; Plan/Instructions/QA/Evidence/Done_Certifications/CERT_W60_OPERATIONS_HELPER_CURRENT_VALIDATION_SANITIZED_20260706T040205-0500.md","PowerShell parser; Test-OperationsHelperStatic.ps1; ConvertFrom-Json; raw user temp path scan",PASS_LOCAL_ONLY,Plan/Instructions/QA/Evidence/Operations_Static_Validation/W60_OPERATIONS_HELPER_CURRENT_VALIDATION_20260706T040205-0500.json,Refresh AWS auth then rerun auth gate readiness and EC2 static proof
2026-07-06T04:05:05-05:00,60,GitHub checkpoint secret scan hardening,"Added staged content secret scanning to Invoke-GitHubCheckpoint.ps1, added a non-mutating checkpoint dry-run to current operations helper validation, and confirmed 14 scripts, 5 JSON schema/template files, and 7 local smoke checks pass","Plan/Instructions/Operations/Scripts/Invoke-GitHubCheckpoint.ps1; Plan/Instructions/Operations/Scripts/Test-OperationsHelperStatic.ps1; Plan/Instructions/QA/Evidence/Git_Verification/W60_GITHUB_CHECKPOINT_SECRET_SCAN_HARDENING_20260706T040505-0500.json; Plan/Instructions/QA/Evidence/Operations_Static_Validation/W60_OPERATIONS_HELPER_CURRENT_VALIDATION_20260706T040505-0500.json","PowerShell parser; Invoke-GitHubCheckpoint.ps1 dry-run; Test-OperationsHelperStatic.ps1; ConvertFrom-Json; staged secret scan during checkpoint commit",PASS_LOCAL_ONLY,Plan/Instructions/QA/Evidence/Git_Verification/W60_GITHUB_CHECKPOINT_SECRET_SCAN_HARDENING_20260706T040505-0500.json,Refresh AWS auth then rerun auth gate readiness and EC2 static proof
2026-07-06T04:09:32-05:00,61,Current QA helper static validation,"Added Test-QAHelperStatic.ps1 and validated the current QA helper set: 5 scripts parsed, 4 JSON schemas/templates parsed, 4 markdown templates checked, and 5 local-only smoke checks passed without runtime artifact QA claims","Plan/Instructions/QA/Scripts/Test-QAHelperStatic.ps1; Plan/Instructions/QA/Evidence/QA_Helper_Static_Validation/W61_QA_HELPER_CURRENT_VALIDATION_20260706T040932-0500.json; Plan/Instructions/QA/Evidence/Done_Certifications/CERT_W61_QA_HELPER_CURRENT_VALIDATION_20260706T040932-0500.md","PowerShell parser; ConvertFrom-Json; markdown template checks; QA record smoke; done-cert smoke; image QA dry-run; image technical sample smoke; workflow static validation smoke",PASS_LOCAL_ONLY,Plan/Instructions/QA/Evidence/QA_Helper_Static_Validation/W61_QA_HELPER_CURRENT_VALIDATION_20260706T040932-0500.json,Refresh AWS auth then rerun auth gate readiness and EC2 static proof
2026-07-06T04:12:40-05:00,62,Current hydration helper static validation,"Added Test-HydrationHelperStatic.ps1 and validated current hydration helpers: 3 scripts parsed, 3 templates parsed/imported, session-state generation smoke passed, and the real cumulative Wave 58-62 zip passed validation","Plan/Instructions/Hydration_Rehydration/Scripts/Test-HydrationHelperStatic.ps1; Plan/Instructions/QA/Evidence/Hydration_Helper_Static_Validation/W62_HYDRATION_HELPER_CURRENT_VALIDATION_20260706T041240-0500.json; Plan/Instructions/QA/Evidence/Done_Certifications/CERT_W62_HYDRATION_HELPER_CURRENT_VALIDATION_20260706T041240-0500.md","PowerShell parser; Import-Csv; ConvertFrom-Json; New-SessionState smoke; Test-CumulativeWavePack.ps1 against current zip; sha256 capture",PASS_LOCAL_ONLY,Plan/Instructions/QA/Evidence/Hydration_Helper_Static_Validation/W62_HYDRATION_HELPER_CURRENT_VALIDATION_20260706T041240-0500.json,Refresh AWS auth then rerun auth gate readiness and EC2 static proof
2026-07-06T04:15:26-05:00,59,Current generated local index refresh,"Regenerated Plan/Items/Tracker/Instructions generated indexes, validated CSV/JSON row-count parity, verified latest helper/evidence files are indexed, and confirmed no .env or credential-pattern matches","Plan/Instructions/Indexes/Generated; Plan/Instructions/QA/Evidence/Index_Validation/W59_LIVE_INDEX_REFRESH_CURRENT_20260706T041526-0500.json; Plan/Instructions/QA/Evidence/Done_Certifications/CERT_W59_LIVE_INDEX_REFRESH_CURRENT_20260706T041526-0500.md","Generate-Project-Indexes.ps1; Import-Csv; ConvertFrom-Json; rg discovery checks; private/secret pattern scan",PASS,Plan/Instructions/QA/Evidence/Index_Validation/W59_LIVE_INDEX_REFRESH_CURRENT_20260706T041526-0500.json,Refresh AWS auth then rerun auth gate readiness and EC2 static proof
2026-07-06T04:22:12-05:00,60/61,AWS profile auth matrix helper,"Added Test-AwsProfileAuthMatrix.ps1, rechecked active AWS auth, and verified all 15 configured AWS CLI profiles are currently unusable for expected account 029530099913; EC2 and generation gates remain false","Plan/Instructions/Operations/Scripts/Test-AwsProfileAuthMatrix.ps1; Plan/Instructions/QA/Evidence/Runtime_Readiness/W60_W61_AWS_AUTH_GATE_RECHECK_20260706T041956-0500.json; Plan/Instructions/QA/Evidence/Runtime_Readiness/W60_W61_AWS_PROFILE_AUTH_MATRIX_20260706T042212-0500.json; Plan/Instructions/QA/Evidence/Done_Certifications/CERT_W60_W61_AWS_PROFILE_AUTH_MATRIX_20260706T042212-0500.md","Test-AwsAuthGate.ps1; Test-AwsProfileAuthMatrix.ps1; PowerShell parser; auth URL and credential pattern scan",RUNTIME_BLOCKED_NO_VALID_AWS_PROFILE,Plan/Instructions/QA/Evidence/Runtime_Readiness/W60_W61_AWS_PROFILE_AUTH_MATRIX_20260706T042212-0500.json,Complete AWS browser or SSO login then rerun auth gate and lane readiness
2026-07-06T04:22:57-05:00,60,Current operations helper static validation with profile matrix,"Reran operations helper validation after adding the profile matrix helper: 15 scripts parsed, 5 JSON schema/template files parsed, and 7 local-only smoke checks passed","Plan/Instructions/Operations/Scripts/Test-AwsProfileAuthMatrix.ps1; Plan/Instructions/Operations/Scripts/Test-OperationsHelperStatic.ps1; Plan/Instructions/QA/Evidence/Operations_Static_Validation/W60_OPERATIONS_HELPER_CURRENT_VALIDATION_20260706T042257-0500.json; Plan/Instructions/QA/Evidence/Done_Certifications/CERT_W60_OPERATIONS_HELPER_CURRENT_VALIDATION_PROFILE_MATRIX_20260706T042257-0500.md","PowerShell parser; Test-OperationsHelperStatic.ps1; ConvertFrom-Json; local-only dry-run smoke tests",PASS_LOCAL_ONLY,Plan/Instructions/QA/Evidence/Operations_Static_Validation/W60_OPERATIONS_HELPER_CURRENT_VALIDATION_20260706T042257-0500.json,Refresh generated indexes then complete AWS auth before EC2 static proof
2026-07-06T04:24:40-05:00,59,Current generated local index refresh after auth matrix,"Regenerated Plan/Items/Tracker/Instructions generated indexes after adding the AWS profile auth matrix helper and evidence, validated CSV/JSON row-count parity, verified new helper/evidence/cert files are indexed, and confirmed no auth URL or credential-pattern matches","Plan/Instructions/Indexes/Generated; Plan/Instructions/QA/Evidence/Index_Validation/W59_LIVE_INDEX_REFRESH_AUTH_MATRIX_20260706T042440-0500.json; Plan/Instructions/QA/Evidence/Done_Certifications/CERT_W59_LIVE_INDEX_REFRESH_AUTH_MATRIX_20260706T042440-0500.md","Generate-Project-Indexes.ps1; Import-Csv; ConvertFrom-Json; rg discovery checks; auth URL and credential pattern scan",PASS,Plan/Instructions/QA/Evidence/Index_Validation/W59_LIVE_INDEX_REFRESH_AUTH_MATRIX_20260706T042440-0500.json,Complete AWS browser or SSO login then rerun auth/profile gates and EC2 static proof
2026-07-06T04:29:32-05:00,61,Selected lane readiness with profile matrix,"Updated Test-LaneRuntimeReadiness.ps1 to include AWS profile matrix diagnostics without loosening EC2 start gates; readiness confirms local_pre_ec2_ready=true, ready_for_ec2_static_proof=false, ready_for_generation=false, auth expired_session, and 0 of 15 profiles matching expected account","Plan/Instructions/Operations/Scripts/Test-LaneRuntimeReadiness.ps1; Plan/Instructions/QA/Evidence/Runtime_Readiness/W61_LANE_RUNTIME_READINESS_PROFILE_MATRIX_20260706T042932-0500.json; Plan/Instructions/QA/Evidence/Done_Certifications/CERT_W61_LANE_RUNTIME_READINESS_PROFILE_MATRIX_20260706T042932-0500.md","PowerShell parser; Test-LaneRuntimeReadiness.ps1; ConvertFrom-Json; profile-matrix evidence inspection",LOCAL_READY_RUNTIME_BLOCKED,Plan/Instructions/QA/Evidence/Runtime_Readiness/W61_LANE_RUNTIME_READINESS_PROFILE_MATRIX_20260706T042932-0500.json,Complete AWS browser or SSO login then rerun auth/profile gates and EC2 static proof
2026-07-06T04:29:38-05:00,60,Current operations helper validation with profile-aware readiness,"Reran operations helper validation after profile-aware readiness update: 15 scripts parsed, 5 JSON schema/template files parsed, and 7 local-only smoke checks passed","Plan/Instructions/Operations/Scripts/Test-LaneRuntimeReadiness.ps1; Plan/Instructions/Operations/Scripts/Test-OperationsHelperStatic.ps1; Plan/Instructions/QA/Evidence/Operations_Static_Validation/W60_OPERATIONS_HELPER_CURRENT_VALIDATION_20260706T042938-0500.json; Plan/Instructions/QA/Evidence/Done_Certifications/CERT_W60_OPERATIONS_HELPER_CURRENT_VALIDATION_READINESS_PROFILE_20260706T042938-0500.md","PowerShell parser; Test-OperationsHelperStatic.ps1; ConvertFrom-Json; local-only dry-run smoke tests",PASS_LOCAL_ONLY,Plan/Instructions/QA/Evidence/Operations_Static_Validation/W60_OPERATIONS_HELPER_CURRENT_VALIDATION_20260706T042938-0500.json,Refresh generated indexes then complete AWS auth before EC2 static proof
2026-07-06T04:31:30-05:00,59,Current generated local index refresh after profile-aware readiness,"Regenerated Plan/Items/Tracker/Instructions generated indexes after profile-aware readiness evidence, validated CSV/JSON row-count parity, verified new readiness/operations evidence and certifications are indexed, and confirmed no AWS auth URL or credential-pattern matches","Plan/Instructions/Indexes/Generated; Plan/Instructions/QA/Evidence/Index_Validation/W59_LIVE_INDEX_REFRESH_PROFILE_READINESS_20260706T043130-0500.json; Plan/Instructions/QA/Evidence/Done_Certifications/CERT_W59_LIVE_INDEX_REFRESH_PROFILE_READINESS_20260706T043130-0500.md","Generate-Project-Indexes.ps1; Import-Csv; ConvertFrom-Json; rg discovery checks; AWS auth URL and credential pattern scan",PASS,Plan/Instructions/QA/Evidence/Index_Validation/W59_LIVE_INDEX_REFRESH_PROFILE_READINESS_20260706T043130-0500.json,Complete AWS browser or SSO login then rerun auth/profile gates and EC2 static proof
2026-07-06T04:35:30-05:00,59/60,Current Items/Tracker package validation,"Added Test-ItemsTrackerPackageStatic.ps1 and validated current Items/Tracker package health: tracker rows 54695, item rows 54647, 5059/5059 source keys covered in both packages, zero missing source keys, zero bad human flags, zero bad citations, zero bad line rows","Plan/Instructions/QA/Scripts/Test-ItemsTrackerPackageStatic.ps1; Plan/Instructions/QA/Evidence/Items_Tracker_Validation/W59_W60_ITEMS_TRACKER_CURRENT_VALIDATION_20260706T043530-0500.json; Plan/Instructions/QA/Evidence/Done_Certifications/CERT_W59_W60_ITEMS_TRACKER_CURRENT_VALIDATION_20260706T043530-0500.md","validate_tracker_package.py; validate_items_package.py; ConvertFrom-Json; PowerShell parser",PASS_LOCAL_ONLY,Plan/Instructions/QA/Evidence/Items_Tracker_Validation/W59_W60_ITEMS_TRACKER_CURRENT_VALIDATION_20260706T043530-0500.json,Complete AWS auth before EC2 static proof
2026-07-06T04:35:39-05:00,61,Current QA helper validation with Items/Tracker smoke,"Reran QA helper validation after adding Items/Tracker package smoke: 6 QA scripts parsed, 4 JSON schemas/templates parsed, 4 markdown templates checked, and 6 local-only smoke checks passed","Plan/Instructions/QA/Scripts/Test-ItemsTrackerPackageStatic.ps1; Plan/Instructions/QA/Scripts/Test-QAHelperStatic.ps1; Plan/Instructions/QA/Evidence/QA_Helper_Static_Validation/W61_QA_HELPER_CURRENT_VALIDATION_20260706T043539-0500.json; Plan/Instructions/QA/Evidence/Done_Certifications/CERT_W61_QA_HELPER_CURRENT_VALIDATION_ITEMS_TRACKER_20260706T043539-0500.md","PowerShell parser; ConvertFrom-Json; markdown template checks; QA record smoke; done-cert smoke; image QA dry-run; image technical sample smoke; workflow static validation smoke; Items/Tracker validation smoke",PASS_LOCAL_ONLY,Plan/Instructions/QA/Evidence/QA_Helper_Static_Validation/W61_QA_HELPER_CURRENT_VALIDATION_20260706T043539-0500.json,Refresh generated indexes then complete AWS auth before EC2 static proof
2026-07-06T04:40:21-05:00,59,Current generated local index refresh after Items/Tracker validation,"Regenerated Plan/Items/Tracker/Instructions generated indexes after Items/Tracker validation evidence, validated CSV/JSON row-count parity, verified the Items/Tracker helper/evidence/certs and QA helper evidence/cert are indexed, and confirmed no AWS auth URL or credential-pattern matches","Plan/Instructions/Indexes/Generated; Plan/Instructions/QA/Evidence/Index_Validation/W59_LIVE_INDEX_REFRESH_ITEMS_TRACKER_20260706T044021-0500.json; Plan/Instructions/QA/Evidence/Done_Certifications/CERT_W59_LIVE_INDEX_REFRESH_ITEMS_TRACKER_20260706T044021-0500.md","Generate-Project-Indexes.ps1; Import-Csv; ConvertFrom-Json; rg discovery checks; AWS auth URL and credential pattern scan",PASS,Plan/Instructions/QA/Evidence/Index_Validation/W59_LIVE_INDEX_REFRESH_ITEMS_TRACKER_20260706T044021-0500.json,Complete AWS browser or SSO login then rerun auth/profile gates and EC2 static proof
2026-07-06T04:46:06-05:00,60/61,AWS auth and profile recheck,"Reran the secret-safe AWS auth gate and profile auth matrix after the latest GitHub checkpoint; default auth remains expired, 15 configured profiles were checked, zero profiles authenticate to expected account 029530099913, and EC2/generation gates remain false","Plan/Instructions/QA/Evidence/Runtime_Readiness/W60_W61_AWS_AUTH_GATE_RECHECK_20260706T044605-0500.json; Plan/Instructions/QA/Evidence/Runtime_Readiness/W60_W61_AWS_PROFILE_AUTH_MATRIX_RECHECK_20260706T044606-0500.json; Plan/Instructions/QA/Evidence/Done_Certifications/CERT_W60_W61_AWS_AUTH_PROFILE_RECHECK_20260706T044606-0500.md","Test-AwsAuthGate.ps1; Test-AwsProfileAuthMatrix.ps1; ConvertFrom-Json",RUNTIME_BLOCKED_NO_VALID_AWS_AUTH,Plan/Instructions/QA/Evidence/Runtime_Readiness/W60_W61_AWS_PROFILE_AUTH_MATRIX_RECHECK_20260706T044606-0500.json,Complete AWS browser or SSO login then rerun auth/profile gates and EC2 static proof
2026-07-06T04:46:38-05:00,61,Selected lane readiness after auth recheck,"Reran selected-lane readiness against the fresh auth/profile evidence; lane files, helper scripts, and prerequisite evidence remain valid with local_pre_ec2_ready=true, but ready_for_ec2_static_proof=false and ready_for_generation=false because AWS auth is blocked","Plan/Instructions/QA/Evidence/Runtime_Readiness/W61_LANE_RUNTIME_READINESS_AUTH_RECHECK_20260706T044638-0500.json; Plan/Instructions/QA/Evidence/Done_Certifications/CERT_W61_LANE_RUNTIME_READINESS_AUTH_RECHECK_20260706T044638-0500.md","Test-LaneRuntimeReadiness.ps1; PowerShell parser; ConvertFrom-Json",LOCAL_READY_RUNTIME_BLOCKED,Plan/Instructions/QA/Evidence/Runtime_Readiness/W61_LANE_RUNTIME_READINESS_AUTH_RECHECK_20260706T044638-0500.json,Complete AWS browser or SSO login then rerun auth/profile gates and EC2 static proof
2026-07-06T04:49:11-05:00,59,Current generated local index refresh after auth recheck,"Regenerated Plan/Items/Tracker/Instructions generated indexes after the fresh auth/profile/readiness recheck, validated CSV/JSON row-count parity, verified the new auth/readiness evidence/certs are indexed, and confirmed no AWS auth URL or credential-pattern matches","Plan/Instructions/Indexes/Generated; Plan/Instructions/QA/Evidence/Index_Validation/W59_LIVE_INDEX_REFRESH_AUTH_RECHECK_20260706T044911-0500.json; Plan/Instructions/QA/Evidence/Done_Certifications/CERT_W59_LIVE_INDEX_REFRESH_AUTH_RECHECK_20260706T044911-0500.md","Generate-Project-Indexes.ps1; Import-Csv; ConvertFrom-Json; rg discovery checks; AWS auth URL and credential pattern scan",PASS,Plan/Instructions/QA/Evidence/Index_Validation/W59_LIVE_INDEX_REFRESH_AUTH_RECHECK_20260706T044911-0500.json,Complete AWS browser or SSO login then rerun auth/profile gates and EC2 static proof
2026-07-06T04:55:58-05:00,60,EC2 pullback manifest verification hardening,"Updated New-EC2PullbackRecord.ps1 so REMOTE_ARTIFACT_MANIFEST.json is not counted as a pulled artifact, added a current operations helper smoke proving one remote image verifies as one local image with hashes_verified=true, and confirmed validation temp paths remain redacted","Plan/Instructions/Operations/Scripts/New-EC2PullbackRecord.ps1; Plan/Instructions/Operations/Scripts/Test-OperationsHelperStatic.ps1; Plan/Instructions/QA/Evidence/Operations_Static_Validation/W60_OPERATIONS_HELPER_CURRENT_VALIDATION_PULLBACK_20260706T045401-0500.json; Plan/Instructions/QA/Evidence/Done_Certifications/CERT_W60_OPERATIONS_PULLBACK_MANIFEST_VERIFICATION_20260706T045558-0500.md","PowerShell parser; Test-OperationsHelperStatic.ps1; pullback manifest verification smoke; temp-path leak scan",PASS_LOCAL_ONLY,Plan/Instructions/QA/Evidence/Operations_Static_Validation/W60_OPERATIONS_HELPER_CURRENT_VALIDATION_PULLBACK_20260706T045401-0500.json,Refresh generated indexes then complete AWS browser or SSO login before EC2 static proof
2026-07-06T05:03:52-05:00,60/61,AWS auth gate evidence contract hardening,"Added top-level result/failure/account/remote-login summary fields to Test-AwsAuthGate.ps1, added an auth evidence contract check to current operations helper validation, preserved the first validation failure, and passed the retest with 15 scripts, 5 JSON files, 8 local smoke checks, and 1 auth-contract check","Plan/Instructions/Operations/Scripts/Test-AwsAuthGate.ps1; Plan/Instructions/Operations/Scripts/Test-OperationsHelperStatic.ps1; Plan/Instructions/QA/Evidence/Runtime_Readiness/W60_W61_AWS_AUTH_GATE_CONTRACT_20260706T050233-0500.json; Plan/Instructions/QA/Evidence/Runtime_Readiness/W60_W61_AWS_PROFILE_AUTH_MATRIX_CONTRACT_20260706T050233-0500.json; Plan/Instructions/QA/Evidence/Runtime_Readiness/W61_LANE_RUNTIME_READINESS_CONTRACT_20260706T050233-0500.json; Plan/Instructions/QA/Evidence/Operations_Static_Validation/W60_OPERATIONS_HELPER_CURRENT_VALIDATION_AUTH_CONTRACT_RETEST_20260706T050327-0500.json; Plan/Instructions/QA/Evidence/Done_Certifications/CERT_W60_AWS_AUTH_GATE_CONTRACT_HARDENING_20260706T050352-0500.md","Test-AwsAuthGate.ps1; Test-AwsProfileAuthMatrix.ps1; Test-LaneRuntimeReadiness.ps1; Test-OperationsHelperStatic.ps1; PowerShell parser; JSON parse; auth evidence contract check",PASS_LOCAL_ONLY_RUNTIME_BLOCKED,Plan/Instructions/QA/Evidence/Operations_Static_Validation/W60_OPERATIONS_HELPER_CURRENT_VALIDATION_AUTH_CONTRACT_RETEST_20260706T050327-0500.json,Refresh generated indexes then complete AWS browser or SSO login before EC2 static proof
2026-07-06T05:06:12-05:00,59,Current generated local index refresh after auth contract hardening,"Regenerated Plan/Items/Tracker/Instructions generated indexes after auth gate contract hardening, validated CSV/JSON row-count parity, verified the new auth-contract scripts/evidence/certification are indexed, and confirmed no AWS auth URL, private temp path, or credential-pattern matches","Plan/Instructions/Indexes/Generated; Plan/Instructions/QA/Evidence/Index_Validation/W59_LIVE_INDEX_REFRESH_AUTH_CONTRACT_20260706T050612-0500.json; Plan/Instructions/QA/Evidence/Done_Certifications/CERT_W59_LIVE_INDEX_REFRESH_AUTH_CONTRACT_20260706T050612-0500.md","Generate-Project-Indexes.ps1; Import-Csv; ConvertFrom-Json; rg discovery checks; private path/auth URL/credential pattern scan",PASS,Plan/Instructions/QA/Evidence/Index_Validation/W59_LIVE_INDEX_REFRESH_AUTH_CONTRACT_20260706T050612-0500.json,Complete AWS browser or SSO login then rerun auth/profile gates and EC2 static proof
2026-07-06T05:13:48-05:00,60/61,Lane readiness evidence contract hardening,"Updated Test-LaneRuntimeReadiness.ps1 to emit top-level result/failure_category and auth summary fields, added lane readiness contract validation to Test-OperationsHelperStatic.ps1, and passed local validation with 15 scripts, 5 JSON files, 8 local smoke checks, 3 evidence checks, and 2 evidence-contract checks","Plan/Instructions/Operations/Scripts/Test-LaneRuntimeReadiness.ps1; Plan/Instructions/Operations/Scripts/Test-OperationsHelperStatic.ps1; Plan/Instructions/QA/Evidence/Runtime_Readiness/W60_W61_AWS_AUTH_GATE_READINESS_CONTRACT_20260706T051212-0500.json; Plan/Instructions/QA/Evidence/Runtime_Readiness/W60_W61_AWS_PROFILE_AUTH_MATRIX_READINESS_CONTRACT_20260706T051212-0500.json; Plan/Instructions/QA/Evidence/Runtime_Readiness/W61_LANE_RUNTIME_READINESS_CONTRACT_RETEST_20260706T051212-0500.json; Plan/Instructions/QA/Evidence/Operations_Static_Validation/W60_OPERATIONS_HELPER_CURRENT_VALIDATION_READINESS_CONTRACT_20260706T051212-0500.json; Plan/Instructions/QA/Evidence/Done_Certifications/CERT_W61_LANE_READINESS_CONTRACT_HARDENING_20260706T051348-0500.md","Test-AwsAuthGate.ps1; Test-AwsProfileAuthMatrix.ps1; Test-LaneRuntimeReadiness.ps1; Test-OperationsHelperStatic.ps1; PowerShell parser; ConvertFrom-Json; lane readiness evidence contract check",PASS_LOCAL_ONLY_RUNTIME_BLOCKED,Plan/Instructions/QA/Evidence/Operations_Static_Validation/W60_OPERATIONS_HELPER_CURRENT_VALIDATION_READINESS_CONTRACT_20260706T051212-0500.json,Refresh generated indexes then complete AWS browser or SSO login before EC2 static proof
2026-07-06T05:17:43-05:00,59,Current generated local index refresh after readiness contract hardening,"Regenerated Plan/Items/Tracker/Instructions generated indexes after lane readiness contract hardening, retained the first index validation failure caused by a JSON row-count probe bug, retested successfully with row-count parity, verified new evidence/certs are indexed, and confirmed no AWS auth URL, private temp path, or credential-pattern matches","Plan/Instructions/Indexes/Generated; Plan/Instructions/QA/Evidence/Index_Validation/W59_LIVE_INDEX_REFRESH_READINESS_CONTRACT_20260706T051624-0500.json; Plan/Instructions/QA/Evidence/Index_Validation/W59_LIVE_INDEX_REFRESH_READINESS_CONTRACT_RETEST_20260706T051738-0500.json; Plan/Instructions/QA/Evidence/Done_Certifications/CERT_W59_LIVE_INDEX_REFRESH_READINESS_CONTRACT_20260706T051743-0500.md","Generate-Project-Indexes.ps1; Import-Csv; ConvertFrom-Json; rg discovery checks; private path/auth URL/credential pattern scan",PASS,Plan/Instructions/QA/Evidence/Index_Validation/W59_LIVE_INDEX_REFRESH_READINESS_CONTRACT_RETEST_20260706T051738-0500.json,Complete AWS browser or SSO login then rerun auth/profile gates and EC2 static proof
2026-07-06T05:24:27-05:00,60/61,EC2 coordinator gate contract hardening,"Updated Invoke-EC2LaneStaticProof.ps1 and Invoke-EC2WorkflowSmokeRun.ps1 to emit top-level result/failure_category and nested auth/readiness summaries, validated dry-run and blocked-execute records with ec2_started=false and generation_executed=false, and passed operations validation with 15 scripts, 5 JSON files, 8 local smoke checks, and 0 failures","Plan/Instructions/Operations/Scripts/Invoke-EC2LaneStaticProof.ps1; Plan/Instructions/Operations/Scripts/Invoke-EC2WorkflowSmokeRun.ps1; Plan/Instructions/Operations/Scripts/Test-OperationsHelperStatic.ps1; Plan/Instructions/QA/Evidence/Workflow_Static_Validation/W61_EC2_LANE_STATIC_PROOF_BLOCKED_EXECUTE_COORDINATOR_CONTRACT_20260706T052346-0500.json; Plan/Instructions/QA/Evidence/Workflow_Runtime/W61_EC2_WORKFLOW_SMOKE_RUN_BLOCKED_EXECUTE_COORDINATOR_CONTRACT_20260706T052346-0500.json; Plan/Instructions/QA/Evidence/Operations_Static_Validation/W60_OPERATIONS_HELPER_CURRENT_VALIDATION_COORDINATOR_CONTRACT_20260706T052346-0500.json; Plan/Instructions/QA/Evidence/Done_Certifications/CERT_W61_EC2_COORDINATOR_GATE_CONTRACT_HARDENING_20260706T052427-0500.md","Test-AwsAuthGate.ps1; Test-AwsProfileAuthMatrix.ps1; Test-LaneRuntimeReadiness.ps1; Invoke-EC2LaneStaticProof.ps1 dry-run and blocked execute; Invoke-EC2WorkflowSmokeRun.ps1 dry-run and blocked execute; Test-OperationsHelperStatic.ps1",PASS_LOCAL_ONLY_RUNTIME_BLOCKED,Plan/Instructions/QA/Evidence/Operations_Static_Validation/W60_OPERATIONS_HELPER_CURRENT_VALIDATION_COORDINATOR_CONTRACT_20260706T052346-0500.json,Refresh generated indexes then complete AWS browser or SSO login before EC2 static proof
2026-07-06T05:27:14-05:00,59,Current generated local index refresh after coordinator contract hardening,"Regenerated Plan/Items/Tracker/Instructions generated indexes after EC2 coordinator gate contract hardening, validated row-count parity, verified new coordinator evidence/certs are indexed, and confirmed no AWS auth URL, private temp path, or credential-pattern matches","Plan/Instructions/Indexes/Generated; Plan/Instructions/QA/Evidence/Index_Validation/W59_LIVE_INDEX_REFRESH_COORDINATOR_CONTRACT_20260706T052709-0500.json; Plan/Instructions/QA/Evidence/Done_Certifications/CERT_W59_LIVE_INDEX_REFRESH_COORDINATOR_CONTRACT_20260706T052714-0500.md","Generate-Project-Indexes.ps1; Import-Csv; ConvertFrom-Json; rg discovery checks; private path/auth URL/credential pattern scan",PASS,Plan/Instructions/QA/Evidence/Index_Validation/W59_LIVE_INDEX_REFRESH_COORDINATOR_CONTRACT_20260706T052709-0500.json,Complete AWS browser or SSO login then rerun auth/profile gates and EC2 static proof
2026-07-06T05:31:00-05:00,60,Operations coordinator contract validator,"Added Test-EC2CoordinatorGateEvidenceContract to Test-OperationsHelperStatic.ps1 and reran operations validation; current validation now has 4 evidence checks and 5 evidence-contract checks covering auth, readiness, static-proof blocked execute, workflow-smoke dry run, and workflow-smoke blocked execute with 0 failures","Plan/Instructions/Operations/Scripts/Test-OperationsHelperStatic.ps1; Plan/Instructions/QA/Evidence/Operations_Static_Validation/W60_OPERATIONS_HELPER_CURRENT_VALIDATION_COORDINATOR_CONTRACT_VALIDATOR_20260706T053043-0500.json; Plan/Instructions/QA/Evidence/Done_Certifications/CERT_W60_OPERATIONS_COORDINATOR_CONTRACT_VALIDATOR_20260706T053100-0500.md","PowerShell parser; Test-OperationsHelperStatic.ps1; EC2 coordinator evidence contract checks; ConvertFrom-Json",PASS_LOCAL_ONLY_RUNTIME_BLOCKED,Plan/Instructions/QA/Evidence/Operations_Static_Validation/W60_OPERATIONS_HELPER_CURRENT_VALIDATION_COORDINATOR_CONTRACT_VALIDATOR_20260706T053043-0500.json,Refresh generated indexes then complete AWS browser or SSO login before EC2 static proof
2026-07-06T05:32:44-05:00,59,Current generated local index refresh after coordinator validator,"Regenerated Plan/Items/Tracker/Instructions generated indexes after operations coordinator contract validator hardening, validated row-count parity, verified new validation evidence/certs are indexed, and confirmed no AWS auth URL, private temp path, or credential-pattern matches","Plan/Instructions/Indexes/Generated; Plan/Instructions/QA/Evidence/Index_Validation/W59_LIVE_INDEX_REFRESH_COORDINATOR_VALIDATOR_20260706T053239-0500.json; Plan/Instructions/QA/Evidence/Done_Certifications/CERT_W59_LIVE_INDEX_REFRESH_COORDINATOR_VALIDATOR_20260706T053244-0500.md","Generate-Project-Indexes.ps1; Import-Csv; ConvertFrom-Json; rg discovery checks; private path/auth URL/credential pattern scan",PASS,Plan/Instructions/QA/Evidence/Index_Validation/W59_LIVE_INDEX_REFRESH_COORDINATOR_VALIDATOR_20260706T053239-0500.json,Complete AWS browser or SSO login then rerun auth/profile gates and EC2 static proof
2026-07-06T05:42:01-05:00,61,Project readiness snapshot helper,"Added Test-ProjectReadinessSnapshot.ps1, wired it into Test-QAHelperStatic.ps1, retained the first failed snapshot as retest evidence, and passed final local readiness snapshot plus QA helper validation with 7 scripts and 7 local smoke checks","Plan/Instructions/QA/Scripts/Test-ProjectReadinessSnapshot.ps1; Plan/Instructions/QA/Scripts/Test-QAHelperStatic.ps1; Plan/Instructions/QA/Evidence/Project_Readiness/W61_PROJECT_READINESS_SNAPSHOT_20260706T054153-0500.json; Plan/Instructions/QA/Evidence/QA_Helper_Static_Validation/W61_QA_HELPER_CURRENT_VALIDATION_20260706T054139-0500.json; Plan/Instructions/QA/Evidence/Done_Certifications/CERT_W61_PROJECT_READINESS_SNAPSHOT_20260706T054201-0500.md","PowerShell parser; Test-ProjectReadinessSnapshot.ps1; Test-QAHelperStatic.ps1; generated index parity check; secret/private path scan",PASS_LOCAL_READY_RUNTIME_BLOCKED_AUTH,Plan/Instructions/QA/Evidence/Project_Readiness/W61_PROJECT_READINESS_SNAPSHOT_20260706T054153-0500.json,Refresh generated indexes then complete AWS browser or SSO login before EC2 static proof
2026-07-06T05:44:50-05:00,59,Current generated local index refresh after project readiness snapshot,"Regenerated Plan/Items/Tracker/Instructions generated indexes after adding the project readiness snapshot helper/evidence/certification, validated row-count parity, verified new readiness files are indexed, and confirmed no AWS auth URL, private temp path, or credential-pattern matches","Plan/Instructions/Indexes/Generated; Plan/Instructions/QA/Evidence/Index_Validation/W59_LIVE_INDEX_REFRESH_PROJECT_READINESS_20260706T054446-0500.json; Plan/Instructions/QA/Evidence/Done_Certifications/CERT_W59_LIVE_INDEX_REFRESH_PROJECT_READINESS_20260706T054450-0500.md","Generate-Project-Indexes.ps1; Import-Csv; ConvertFrom-Json; discovery checks; private path/auth URL/credential pattern scan",PASS,Plan/Instructions/QA/Evidence/Index_Validation/W59_LIVE_INDEX_REFRESH_PROJECT_READINESS_20260706T054446-0500.json,Complete AWS browser or SSO login then rerun auth/profile gates and EC2 static proof
2026-07-06T05:54:10-05:00,61,Project readiness snapshot scan-safe retest,"Removed literal token/private-temp scan patterns and token-like scan labels from Test-ProjectReadinessSnapshot.ps1 source, reran the snapshot and QA helper validation, and passed the final scan-safe snapshot with 177 files scanned and 0 secret/private-path hits","Plan/Instructions/QA/Scripts/Test-ProjectReadinessSnapshot.ps1; Plan/Instructions/QA/Evidence/Project_Readiness/W61_PROJECT_READINESS_SNAPSHOT_20260706T055410-0500.json; Plan/Instructions/QA/Evidence/QA_Helper_Static_Validation/W61_QA_HELPER_CURRENT_VALIDATION_20260706T054918-0500.json","PowerShell parser; Test-ProjectReadinessSnapshot.ps1; Test-QAHelperStatic.ps1; secret/private path scan",PASS_LOCAL_READY_RUNTIME_BLOCKED_AUTH,Plan/Instructions/QA/Evidence/Project_Readiness/W61_PROJECT_READINESS_SNAPSHOT_20260706T055410-0500.json,Refresh generated indexes then complete AWS browser or SSO login before EC2 static proof
2026-07-06T05:51:37-05:00,59,Current generated local index refresh after scan-safe project readiness snapshot,"Regenerated Plan/Items/Tracker/Instructions generated indexes after scan-safe project readiness evidence, validated row-count parity, verified scan-safe evidence/certs are indexed, and confirmed no AWS auth URL, private temp path, or credential-pattern matches","Plan/Instructions/Indexes/Generated; Plan/Instructions/QA/Evidence/Index_Validation/W59_LIVE_INDEX_REFRESH_PROJECT_READINESS_SCAN_SAFE_20260706T055133-0500.json; Plan/Instructions/QA/Evidence/Done_Certifications/CERT_W59_LIVE_INDEX_REFRESH_PROJECT_READINESS_SCAN_SAFE_20260706T055137-0500.md","Generate-Project-Indexes.ps1; Import-Csv; ConvertFrom-Json; discovery checks; private path/auth URL/credential pattern scan",PASS,Plan/Instructions/QA/Evidence/Index_Validation/W59_LIVE_INDEX_REFRESH_PROJECT_READINESS_SCAN_SAFE_20260706T055133-0500.json,Complete AWS browser or SSO login then rerun auth/profile gates and EC2 static proof
2026-07-06T06:05:00-05:00,61,QA helper project readiness contract hardening,"Added project-readiness snapshot contract checks to Test-QAHelperStatic.ps1, reran QA helper validation, produced a current project readiness snapshot, and certified the local-only hardening while AWS auth remains expired","Plan/Instructions/QA/Scripts/Test-QAHelperStatic.ps1; Plan/Instructions/QA/Evidence/QA_Helper_Static_Validation/W61_QA_HELPER_CURRENT_VALIDATION_20260706T060420-0500.json; Plan/Instructions/QA/Evidence/Project_Readiness/W61_PROJECT_READINESS_SNAPSHOT_20260706T060449-0500.json; Plan/Instructions/QA/Evidence/Done_Certifications/CERT_W61_QA_HELPER_PROJECT_READINESS_CONTRACT_20260706T060500-0500.md","PowerShell parser; Test-QAHelperStatic.ps1; Test-ProjectReadinessSnapshot.ps1; project readiness contract checks; secret/private path scan",PASS_LOCAL_ONLY_RUNTIME_BLOCKED,Plan/Instructions/QA/Evidence/QA_Helper_Static_Validation/W61_QA_HELPER_CURRENT_VALIDATION_20260706T060420-0500.json,Regenerate generated indexes then complete AWS browser or SSO login before EC2 static proof
2026-07-06T06:07:10-05:00,59,Generated index refresh after QA helper contract hardening,"Regenerated Plan/Items/Tracker/Instructions generated indexes after QA helper contract evidence and certification, validated row-count parity, verified new files are indexed, and confirmed no credential/auth URL/private-temp matches","Plan/Instructions/Indexes/Generated; Plan/Instructions/QA/Evidence/Index_Validation/W59_LIVE_INDEX_REFRESH_QA_CONTRACT_20260706T060710-0500.json; Plan/Instructions/QA/Evidence/Done_Certifications/CERT_W59_LIVE_INDEX_REFRESH_QA_CONTRACT_20260706T060710-0500.md","Generate-Project-Indexes.ps1; Import-Csv; ConvertFrom-Json; rg discovery checks; credential/auth URL/private-path scan",PASS,Plan/Instructions/QA/Evidence/Index_Validation/W59_LIVE_INDEX_REFRESH_QA_CONTRACT_20260706T060710-0500.json,Complete AWS browser or SSO login then rerun auth/profile gates and EC2 static proof
2026-07-06T06:12:37-05:00,60/61,Runtime unblock handoff helper,"Added New-RuntimeUnblockHandoff.ps1, wired it into operations helper validation, generated JSON/Markdown handoff evidence, and refreshed project readiness; all evidence remains local-only with aws_contacted=false, ec2_started=false, and generation_executed=false","Plan/Instructions/Operations/Scripts/New-RuntimeUnblockHandoff.ps1; Plan/Instructions/Operations/Scripts/Test-OperationsHelperStatic.ps1; Plan/Instructions/QA/Evidence/Runtime_Readiness/W61_RUNTIME_UNBLOCK_HANDOFF_20260706T061207-0500.json; Plan/Instructions/QA/Evidence/Runtime_Readiness/W61_RUNTIME_UNBLOCK_HANDOFF_20260706T061207-0500.md; Plan/Instructions/QA/Evidence/Operations_Static_Validation/W60_OPERATIONS_HELPER_CURRENT_VALIDATION_20260706T061212-0500.json; Plan/Instructions/QA/Evidence/Project_Readiness/W61_PROJECT_READINESS_SNAPSHOT_20260706T061237-0500.json; Plan/Instructions/QA/Evidence/Done_Certifications/CERT_W61_RUNTIME_UNBLOCK_HANDOFF_20260706T061207-0500.md","PowerShell parser; New-RuntimeUnblockHandoff.ps1; Test-OperationsHelperStatic.ps1; Test-ProjectReadinessSnapshot.ps1; handoff smoke contract",PASS_LOCAL_ONLY_RUNTIME_BLOCKED_AUTH,Plan/Instructions/QA/Evidence/Runtime_Readiness/W61_RUNTIME_UNBLOCK_HANDOFF_20260706T061207-0500.json,Refresh generated indexes then complete AWS browser or SSO login before EC2 static proof
2026-07-06T06:14:30-05:00,59,Generated index refresh after runtime handoff,"Regenerated Plan/Items/Tracker/Instructions generated indexes after runtime handoff evidence and certification, validated row-count parity, verified new handoff files are indexed, and confirmed no credential/auth URL/private-temp matches","Plan/Instructions/Indexes/Generated; Plan/Instructions/QA/Evidence/Index_Validation/W59_LIVE_INDEX_REFRESH_RUNTIME_HANDOFF_20260706T061430-0500.json; Plan/Instructions/QA/Evidence/Done_Certifications/CERT_W59_LIVE_INDEX_REFRESH_RUNTIME_HANDOFF_20260706T061430-0500.md","Generate-Project-Indexes.ps1; Import-Csv; ConvertFrom-Json; rg discovery checks; credential/auth URL/private-path scan",PASS,Plan/Instructions/QA/Evidence/Index_Validation/W59_LIVE_INDEX_REFRESH_RUNTIME_HANDOFF_20260706T061430-0500.json,Complete AWS browser or SSO login then rerun auth/profile gates and EC2 static proof
2026-07-06T06:19:38-05:00,61,Runtime handoff readiness contract hardening,"Updated the project readiness snapshot to require runtime unblock handoff evidence and updated the QA helper contract to validate handoff result, next action, local-only boundary, no external contacts, no EC2 start, no generation, command sequence, and Markdown output","Plan/Instructions/QA/Scripts/Test-ProjectReadinessSnapshot.ps1; Plan/Instructions/QA/Scripts/Test-QAHelperStatic.ps1; Plan/Instructions/QA/Evidence/Project_Readiness/W61_PROJECT_READINESS_SNAPSHOT_20260706T061933-0500.json; Plan/Instructions/QA/Evidence/QA_Helper_Static_Validation/W61_QA_HELPER_CURRENT_VALIDATION_20260706T061938-0500.json; Plan/Instructions/QA/Evidence/Done_Certifications/CERT_W61_RUNTIME_HANDOFF_READINESS_CONTRACT_20260706T062043-0500.md","PowerShell parser; Test-ProjectReadinessSnapshot.ps1; Test-QAHelperStatic.ps1; project readiness contract checks; runtime handoff safety checks",PASS_LOCAL_ONLY_RUNTIME_BLOCKED_AUTH,Plan/Instructions/QA/Evidence/QA_Helper_Static_Validation/W61_QA_HELPER_CURRENT_VALIDATION_20260706T061938-0500.json,Regenerate generated indexes then complete AWS browser or SSO login before EC2 static proof
2026-07-06T06:20:43-05:00,59,Generated index refresh after runtime handoff contract,"Regenerated Plan/Items/Tracker/Instructions generated indexes after runtime handoff readiness contract hardening, validated row-count parity, verified new evidence/certification files are indexed, and confirmed no credential/auth URL/private-temp matches","Plan/Instructions/Indexes/Generated; Plan/Instructions/QA/Evidence/Index_Validation/W59_LIVE_INDEX_REFRESH_RUNTIME_HANDOFF_CONTRACT_20260706T062043-0500.json; Plan/Instructions/QA/Evidence/Done_Certifications/CERT_W59_LIVE_INDEX_REFRESH_RUNTIME_HANDOFF_CONTRACT_20260706T062043-0500.md","Generate-Project-Indexes.ps1; Import-Csv; ConvertFrom-Json; rg discovery checks; credential/auth URL/private-path scan",PASS,Plan/Instructions/QA/Evidence/Index_Validation/W59_LIVE_INDEX_REFRESH_RUNTIME_HANDOFF_CONTRACT_20260706T062043-0500.json,Complete AWS browser or SSO login then rerun auth/profile gates and EC2 static proof
2026-07-06T06:31:45-05:00,60/61,EC2 Git checkpoint gate hardening,"Updated EC2 static-proof and workflow-smoke coordinators to block -Execute unless local Git is clean and HEAD equals origin/main, pass expected origin/main commit into remote payloads, and refreshed the runtime handoff with a git_checkpoint_recheck command step","Plan/Instructions/Operations/Scripts/Invoke-EC2LaneStaticProof.ps1; Plan/Instructions/Operations/Scripts/Invoke-EC2WorkflowSmokeRun.ps1; Plan/Instructions/Operations/Scripts/New-RuntimeUnblockHandoff.ps1; Plan/Instructions/Operations/Scripts/Test-OperationsHelperStatic.ps1; Plan/Instructions/QA/Evidence/Operations_Static_Validation/W60_OPERATIONS_HELPER_CURRENT_VALIDATION_20260706T063044-0500.json; Plan/Instructions/QA/Evidence/Runtime_Readiness/W61_RUNTIME_UNBLOCK_HANDOFF_20260706T063108-0500.json; Plan/Instructions/QA/Evidence/QA_Helper_Static_Validation/W61_QA_HELPER_CURRENT_VALIDATION_20260706T063119-0500.json; Plan/Instructions/QA/Evidence/Project_Readiness/W61_PROJECT_READINESS_SNAPSHOT_20260706T063135-0500.json; Plan/Instructions/QA/Evidence/Done_Certifications/CERT_W60_W61_EC2_GIT_CHECKPOINT_GATE_20260706T063145-0500.md","PowerShell parser; EC2 coordinator dry-runs; Test-OperationsHelperStatic.ps1; New-RuntimeUnblockHandoff.ps1; Test-ProjectReadinessSnapshot.ps1; Test-QAHelperStatic.ps1",PASS_LOCAL_ONLY_RUNTIME_BLOCKED_AUTH,Plan/Instructions/QA/Evidence/Operations_Static_Validation/W60_OPERATIONS_HELPER_CURRENT_VALIDATION_20260706T063044-0500.json,Regenerate generated indexes then checkpoint EC2 Git gate hardening
2026-07-06T06:31:45-05:00,59,Generated index refresh after EC2 Git gate,"Regenerated Plan/Items/Tracker/Instructions generated indexes after EC2 Git checkpoint gate hardening, validated row-count parity, verified new evidence/certification files are indexed, and confirmed no credential/auth URL/private-temp matches","Plan/Instructions/Indexes/Generated; Plan/Instructions/QA/Evidence/Index_Validation/W59_LIVE_INDEX_REFRESH_EC2_GIT_GATE_20260706T063145-0500.json; Plan/Instructions/QA/Evidence/Done_Certifications/CERT_W59_LIVE_INDEX_REFRESH_EC2_GIT_GATE_20260706T063145-0500.md","Generate-Project-Indexes.ps1; Import-Csv; ConvertFrom-Json; rg discovery checks; credential/auth URL/private-path scan",PASS,Plan/Instructions/QA/Evidence/Index_Validation/W59_LIVE_INDEX_REFRESH_EC2_GIT_GATE_20260706T063145-0500.json,Checkpoint EC2 Git gate hardening then complete AWS browser or SSO login before EC2 static proof
2026-07-06T06:38:42-05:00,59/60,Post-checkpoint Git current recheck,"Verified the EC2 Git checkpoint gate commit is pushed and clean: C:\Comfy_UI_Main is on main at 535c3320f443b05e1ab6dc236004fc36e0bfa611, origin/main matches, push dry-run is up to date, .env is ignored/untracked, and GitHub/Civitai variable names are present without values printed","Plan/Instructions/QA/Evidence/Git_Verification/W59_W60_GIT_CURRENT_RECHECK_20260706T063842-0500.json; Plan/Instructions/QA/Evidence/Done_Certifications/CERT_W59_W60_GIT_CURRENT_RECHECK_20260706T063842-0500.md","git status; git rev-parse HEAD; git rev-parse origin/main; git ls-remote; git push --dry-run; git check-ignore .env; .env variable-name-only inspection",PASS_CONFIRMED_RESOLVED,Plan/Instructions/QA/Evidence/Git_Verification/W59_W60_GIT_CURRENT_RECHECK_20260706T063842-0500.json,Regenerate generated indexes then complete AWS browser or SSO login before EC2 static proof
2026-07-06T06:39:29-05:00,59,Generated index refresh after post-checkpoint Git recheck,"Regenerated Plan/Items/Tracker/Instructions generated indexes after post-checkpoint Git recheck evidence and certification, validated row-count parity, verified new Git/index evidence files are indexed, and confirmed no credential/auth URL/private-temp matches","Plan/Instructions/Indexes/Generated; Plan/Instructions/QA/Evidence/Index_Validation/W59_LIVE_INDEX_REFRESH_GIT_POST_CHECKPOINT_20260706T063929-0500.json; Plan/Instructions/QA/Evidence/Done_Certifications/CERT_W59_LIVE_INDEX_REFRESH_GIT_POST_CHECKPOINT_20260706T063929-0500.md","Generate-Project-Indexes.ps1; Import-Csv; ConvertFrom-Json; rg discovery checks; credential/auth URL/private-path scan",PASS,Plan/Instructions/QA/Evidence/Index_Validation/W59_LIVE_INDEX_REFRESH_GIT_POST_CHECKPOINT_20260706T063929-0500.json,Complete AWS browser or SSO login before EC2 static proof
2026-07-06T06:49:27-05:00,61,SDXL RealVisXL base lane local authoring,"Authored the sdxl_realvisxl_base_lane workflow, patch points, runtime requirements, and smoke request; validated the graph with 7 nodes, 9 links, 0 defects, built the patched /prompt request, kept execution_allowed=false and generation_executed=false, and updated QA helper validation to cover all authored base-generation lanes","Plan/07_IMPLEMENTATION/workflow_templates/base_generation/sdxl_realvisxl_base_lane; Plan/Instructions/QA/Evidence/Workflow_Static_Validation/W61_SDXL_REALVISXL_WORKFLOW_STATIC_VALIDATION_20260706T064900-0500.json; Plan/Instructions/QA/Evidence/Workflow_Static_Validation/W61_SDXL_REALVISXL_WORKFLOW_SMOKE_DRY_RUN_20260706T064900-0500.json; Plan/Instructions/QA/Evidence/Workflow_Static_Validation/W61_SDXL_REALVISXL_WORKFLOW_SMOKE_REQUEST_20260706T064900-0500.json; Plan/Instructions/QA/Evidence/QA_Helper_Static_Validation/W61_QA_HELPER_CURRENT_VALIDATION_REALVISXL_20260706T064900-0500.json; Plan/Instructions/QA/Evidence/Done_Certifications/CERT_W61_SDXL_REALVISXL_BASE_LANE_STATIC_20260706T064900-0500.md","Test-ComfyWorkflowStatic.ps1; Invoke-ComfyWorkflowSmoke.ps1 dry-run; Test-QAHelperStatic.ps1; PowerShell parser; JSON parse",PASS_LOCAL_ONLY_RUNTIME_BLOCKED_AUTH,Plan/Instructions/QA/Evidence/Workflow_Static_Validation/W61_SDXL_REALVISXL_WORKFLOW_STATIC_VALIDATION_20260706T064900-0500.json,Regenerate generated indexes then complete AWS browser or SSO login before EC2 static proof
2026-07-06T06:50:00-05:00,59,Generated index refresh after RealVisXL lane authoring,"Regenerated Plan/Items/Tracker/Instructions generated indexes after the SDXL RealVisXL base lane authoring and validation evidence, validated row-count parity, verified new lane/evidence/certification files are indexed, and confirmed no credential/auth URL/private-temp matches","Plan/Instructions/Indexes/Generated; Plan/Instructions/QA/Evidence/Index_Validation/W59_LIVE_INDEX_REFRESH_REALVISXL_LANE_20260706T065000-0500.json; Plan/Instructions/QA/Evidence/Done_Certifications/CERT_W59_LIVE_INDEX_REFRESH_REALVISXL_LANE_20260706T065000-0500.md","Generate-Project-Indexes.ps1; Import-Csv; ConvertFrom-Json; rg discovery checks; credential/auth URL/private-path scan",PASS,Plan/Instructions/QA/Evidence/Index_Validation/W59_LIVE_INDEX_REFRESH_REALVISXL_LANE_20260706T065000-0500.json,Complete AWS browser or SSO login before EC2 static proof
2026-07-06T06:58:21-05:00,60/61,Lane-specific runtime readiness hardening,"Updated lane readiness and EC2 coordinators so readiness/static-proof evidence is selected and gate-checked by the requested LaneId, added lane-runtime readiness smokes for all authored base-generation lanes to QA helper validation, and proved RealVisXL coordinator dry-runs remain blocked before EC2 start with generation_executed=false","Plan/Instructions/Operations/Scripts/Test-LaneRuntimeReadiness.ps1; Plan/Instructions/Operations/Scripts/Invoke-EC2LaneStaticProof.ps1; Plan/Instructions/Operations/Scripts/Invoke-EC2WorkflowSmokeRun.ps1; Plan/Instructions/QA/Scripts/Test-QAHelperStatic.ps1; Plan/Instructions/QA/Evidence/Runtime_Readiness/W61_LANE_RUNTIME_READINESS_LANE_SPECIFIC_REALVISXL_20260706T065821-0500.json; Plan/Instructions/QA/Evidence/Workflow_Runtime/W61_EC2_WORKFLOW_SMOKE_RUN_DRY_RUN_REALVISXL_LANE_SPECIFIC_20260706T065821-0500.json; Plan/Instructions/QA/Evidence/QA_Helper_Static_Validation/W61_QA_HELPER_CURRENT_VALIDATION_LANE_READINESS_20260706T065821-0500.json; Plan/Instructions/QA/Evidence/Done_Certifications/CERT_W61_LANE_READINESS_HARDENING_20260706T065821-0500.md","PowerShell parser; Test-LaneRuntimeReadiness.ps1 per lane; Invoke-EC2LaneStaticProof.ps1 dry-run; Invoke-EC2WorkflowSmokeRun.ps1 dry-run; Test-QAHelperStatic.ps1; Test-OperationsHelperStatic.ps1",PASS_LOCAL_ONLY_RUNTIME_BLOCKED_AUTH,Plan/Instructions/QA/Evidence/Runtime_Readiness/W61_LANE_RUNTIME_READINESS_LANE_SPECIFIC_REALVISXL_20260706T065821-0500.json,Regenerate generated indexes then complete AWS browser or SSO login before EC2 static proof
2026-07-06T07:01:40-05:00,59,Generated index refresh after lane readiness hardening,"Regenerated Plan/Items/Tracker/Instructions generated indexes after lane-specific runtime readiness hardening, validated row-count parity, verified updated helper/evidence/certification files are indexed, and confirmed no credential/auth URL/private-temp matches","Plan/Instructions/Indexes/Generated; Plan/Instructions/QA/Evidence/Index_Validation/W59_LIVE_INDEX_REFRESH_LANE_READINESS_HARDENING_20260706T070140-0500.json; Plan/Instructions/QA/Evidence/Done_Certifications/CERT_W59_LIVE_INDEX_REFRESH_LANE_READINESS_HARDENING_20260706T070140-0500.md","Generate-Project-Indexes.ps1; Import-Csv; ConvertFrom-Json; discovery checks; credential/auth URL/private-path scan",PASS,Plan/Instructions/QA/Evidence/Index_Validation/W59_LIVE_INDEX_REFRESH_LANE_READINESS_HARDENING_20260706T070140-0500.json,Complete AWS browser or SSO login before EC2 static proof
2026-07-06T07:12:30-05:00,60/61,Lane-aware project readiness and runtime handoff,"Updated project readiness and runtime handoff helpers so they select/read lane readiness and project-readiness evidence by LaneId, regenerated low-risk lane project readiness and handoff evidence, and QA-contract-checked that lane readiness and runtime handoff both match sdxl_low_risk_fallback_lane","Plan/Instructions/QA/Scripts/Test-ProjectReadinessSnapshot.ps1; Plan/Instructions/Operations/Scripts/New-RuntimeUnblockHandoff.ps1; Plan/Instructions/QA/Scripts/Test-QAHelperStatic.ps1; Plan/Instructions/QA/Evidence/Project_Readiness/W61_PROJECT_READINESS_SNAPSHOT_LANE_AWARE_RETEST_20260706T071230-0500.json; Plan/Instructions/QA/Evidence/Runtime_Readiness/W61_RUNTIME_UNBLOCK_HANDOFF_LANE_AWARE_20260706T071230-0500.json; Plan/Instructions/QA/Evidence/QA_Helper_Static_Validation/W61_QA_HELPER_CURRENT_VALIDATION_LANE_AWARE_PROJECT_READINESS_20260706T071230-0500.json; Plan/Instructions/QA/Evidence/Done_Certifications/CERT_W61_PROJECT_READINESS_LANE_AWARE_HANDOFF_20260706T071230-0500.md","PowerShell parser; Test-ProjectReadinessSnapshot.ps1; New-RuntimeUnblockHandoff.ps1; Test-QAHelperStatic.ps1 project readiness contract; Test-OperationsHelperStatic.ps1",PASS_LOCAL_ONLY_RUNTIME_BLOCKED_AUTH,Plan/Instructions/QA/Evidence/Project_Readiness/W61_PROJECT_READINESS_SNAPSHOT_LANE_AWARE_RETEST_20260706T071230-0500.json,Regenerate generated indexes then complete AWS browser or SSO login before EC2 static proof
2026-07-06T07:15:30-05:00,59,Generated index refresh after lane-aware handoff,"Regenerated Plan/Items/Tracker/Instructions generated indexes after lane-aware project readiness and runtime handoff hardening, validated row-count parity, verified updated helper/evidence/certification files are indexed, and confirmed no credential/auth URL/private-temp matches","Plan/Instructions/Indexes/Generated; Plan/Instructions/QA/Evidence/Index_Validation/W59_LIVE_INDEX_REFRESH_LANE_AWARE_HANDOFF_20260706T071530-0500.json; Plan/Instructions/QA/Evidence/Done_Certifications/CERT_W59_LIVE_INDEX_REFRESH_LANE_AWARE_HANDOFF_20260706T071530-0500.md","Generate-Project-Indexes.ps1; Import-Csv; ConvertFrom-Json; discovery checks; credential/auth URL/private-path scan",PASS,Plan/Instructions/QA/Evidence/Index_Validation/W59_LIVE_INDEX_REFRESH_LANE_AWARE_HANDOFF_20260706T071530-0500.json,Complete AWS browser or SSO login before EC2 static proof
2026-07-06T07:19:43-05:00,61,Authored lane evidence coverage hardening,"Added Test-AuthoredLaneEvidenceCoverage.ps1 to verify every authored base-generation lane has lane-matched local pre-EC2 evidence; wired it into Test-QAHelperStatic.ps1; validated both sdxl_low_risk_fallback_lane and sdxl_realvisxl_base_lane with static validation, smoke dry-run/request, and lane readiness evidence; reran QA and operations helper validation","Plan/Instructions/QA/Scripts/Test-AuthoredLaneEvidenceCoverage.ps1; Plan/Instructions/QA/Scripts/Test-QAHelperStatic.ps1; Plan/Instructions/QA/Evidence/Workflow_Prerequisite_Matching/W61_AUTHORED_LANE_EVIDENCE_COVERAGE_20260706T071911-0500.json; Plan/Instructions/QA/Evidence/QA_Helper_Static_Validation/W61_QA_HELPER_CURRENT_VALIDATION_AUTHORED_LANE_EVIDENCE_COVERAGE_20260706T071919-0500.json; Plan/Instructions/QA/Evidence/Operations_Static_Validation/W60_OPERATIONS_HELPER_CURRENT_VALIDATION_AUTHORED_LANE_EVIDENCE_COVERAGE_20260706T071943-0500.json; Plan/Instructions/QA/Evidence/Done_Certifications/CERT_W61_AUTHORED_LANE_EVIDENCE_COVERAGE_20260706T071911-0500.md","PowerShell parser; Test-AuthoredLaneEvidenceCoverage.ps1; Test-QAHelperStatic.ps1; Test-OperationsHelperStatic.ps1",PASS_LOCAL_ONLY_RUNTIME_BLOCKED_AUTH,Plan/Instructions/QA/Evidence/Workflow_Prerequisite_Matching/W61_AUTHORED_LANE_EVIDENCE_COVERAGE_20260706T071911-0500.json,Regenerate generated indexes then checkpoint authored lane evidence coverage
2026-07-06T07:25:20-05:00,59,Generated index refresh after authored lane coverage,"Regenerated Plan/Items/Tracker/Instructions generated indexes after authored-lane evidence coverage hardening, validated row-count parity (plan 2608, instructions 378, items 45, tracker 26), verified new helper/evidence/certification and hydration ledger files are indexed, and confirmed no credential/auth URL/private-temp matches in changed local areas","Plan/Instructions/Indexes/Generated; Plan/Instructions/QA/Evidence/Index_Validation/W59_LIVE_INDEX_REFRESH_AUTHORED_LANE_COVERAGE_20260706T072520-0500.json; Plan/Instructions/QA/Evidence/Done_Certifications/CERT_W59_LIVE_INDEX_REFRESH_AUTHORED_LANE_COVERAGE_20260706T072520-0500.md","Generate-Project-Indexes.ps1; Import-Csv; ConvertFrom-Json; discovery checks; credential/auth URL/private-path scan",PASS,Plan/Instructions/QA/Evidence/Index_Validation/W59_LIVE_INDEX_REFRESH_AUTHORED_LANE_COVERAGE_20260706T072520-0500.json,Checkpoint authored lane evidence coverage then complete AWS browser or SSO login before EC2 static proof
2026-07-06T07:35:23-05:00,61,Runtime lane queue validation,"Added runtime_lane_queue.json and Test-RuntimeLaneQueue.ps1 to make the first/second authored base-generation runtime order explicit; validated sdxl_low_risk_fallback_lane as first and sdxl_realvisxl_base_lane as second; wired queue validation into QA helper; no AWS/GitHub API/Civitai/ComfyUI contact, no EC2 start, and no generation occurred","Plan/07_IMPLEMENTATION/workflow_templates/base_generation/runtime_lane_queue.json; Plan/Instructions/QA/Scripts/Test-RuntimeLaneQueue.ps1; Plan/Instructions/QA/Scripts/Test-QAHelperStatic.ps1; Plan/Instructions/QA/Evidence/Workflow_Prerequisite_Matching/W61_RUNTIME_LANE_QUEUE_VALIDATION_20260706T073455-0500.json; Plan/Instructions/QA/Evidence/QA_Helper_Static_Validation/W61_QA_HELPER_CURRENT_VALIDATION_RUNTIME_LANE_QUEUE_20260706T073502-0500.json; Plan/Instructions/QA/Evidence/Operations_Static_Validation/W60_OPERATIONS_HELPER_CURRENT_VALIDATION_RUNTIME_LANE_QUEUE_20260706T073523-0500.json; Plan/Instructions/QA/Evidence/Done_Certifications/CERT_W61_RUNTIME_LANE_QUEUE_VALIDATION_20260706T073455-0500.md","PowerShell parser; Test-RuntimeLaneQueue.ps1; Test-QAHelperStatic.ps1; Test-OperationsHelperStatic.ps1",PASS_LOCAL_ONLY_RUNTIME_BLOCKED_AUTH,Plan/Instructions/QA/Evidence/Workflow_Prerequisite_Matching/W61_RUNTIME_LANE_QUEUE_VALIDATION_20260706T073455-0500.json,Regenerate generated indexes then checkpoint runtime lane queue validation
2026-07-06T07:39:28-05:00,59,Generated index refresh after runtime lane queue,"Regenerated Plan/Items/Tracker/Instructions generated indexes after runtime lane queue validation, preserved a first failed row-count probe caused by top-level JSON array wrapping, corrected the probe, validated row-count parity, verified new queue/helper/evidence/certification and hydration ledger files are indexed, and confirmed no credential/auth URL/private-temp matches in changed local areas","Plan/Instructions/Indexes/Generated; Plan/Instructions/QA/Evidence/Index_Validation/W59_LIVE_INDEX_REFRESH_RUNTIME_LANE_QUEUE_FIRST_VALIDATION_FAILURE_20260706T073928-0500.json; Plan/Instructions/QA/Evidence/Index_Validation/W59_LIVE_INDEX_REFRESH_RUNTIME_LANE_QUEUE_20260706T073928-0500.json; Plan/Instructions/QA/Evidence/Done_Certifications/CERT_W59_LIVE_INDEX_REFRESH_RUNTIME_LANE_QUEUE_20260706T073928-0500.md","Generate-Project-Indexes.ps1; Import-Csv; ConvertFrom-Json; discovery checks; credential/auth URL/private-path scan",PASS,Plan/Instructions/QA/Evidence/Index_Validation/W59_LIVE_INDEX_REFRESH_RUNTIME_LANE_QUEUE_20260706T073928-0500.json,Checkpoint runtime lane queue validation then complete AWS browser or SSO login before EC2 static proof
2026-07-06T07:52:41-05:00,60/61,Queue-aware project readiness and runtime handoff,"Integrated runtime lane queue validation into project readiness and runtime unblock handoff; EC2 static-proof eligibility now requires the selected lane to be the first queued runtime lane; added runtime lane queue recheck command and safety invariant to the handoff; hardened QA helper contract checks for queue presence, first-lane match, local-only proof, no EC2/generation, and queue allowance; fixed selectors so preserved failed validation evidence is not chosen as the current passing helper input","Plan/Instructions/QA/Scripts/Test-ProjectReadinessSnapshot.ps1; Plan/Instructions/Operations/Scripts/New-RuntimeUnblockHandoff.ps1; Plan/Instructions/QA/Scripts/Test-QAHelperStatic.ps1; Plan/Instructions/Operations/Scripts/Test-OperationsHelperStatic.ps1; Plan/Instructions/QA/Evidence/Project_Readiness/W61_PROJECT_READINESS_SNAPSHOT_QUEUE_AWARE_SELECTOR_FINAL_20260706T075211-0500.json; Plan/Instructions/QA/Evidence/Runtime_Readiness/W61_RUNTIME_UNBLOCK_HANDOFF_QUEUE_AWARE_SELECTOR_RETEST_20260706T075211-0500.json; Plan/Instructions/QA/Evidence/QA_Helper_Static_Validation/W61_QA_HELPER_CURRENT_VALIDATION_QUEUE_AWARE_READINESS_RETEST_20260706T075228-0500.json; Plan/Instructions/QA/Evidence/Operations_Static_Validation/W60_OPERATIONS_HELPER_CURRENT_VALIDATION_QUEUE_AWARE_HANDOFF_RETEST_20260706T075228-0500.json; Plan/Instructions/QA/Evidence/Done_Certifications/CERT_W61_QUEUE_AWARE_READINESS_HANDOFF_20260706T075211-0500.md","PowerShell parser; Test-ProjectReadinessSnapshot.ps1; New-RuntimeUnblockHandoff.ps1; Test-QAHelperStatic.ps1; Test-OperationsHelperStatic.ps1",PASS_LOCAL_ONLY_RUNTIME_BLOCKED_AUTH,Plan/Instructions/QA/Evidence/Project_Readiness/W61_PROJECT_READINESS_SNAPSHOT_QUEUE_AWARE_SELECTOR_FINAL_20260706T075211-0500.json,Regenerate generated indexes then checkpoint queue-aware readiness and handoff
2026-07-06T08:15:38-05:00,61,Root workflow run package,"Added tools/New-WorkflowRunPackage.ps1 and generated a local-only run package for sdxl_low_risk_fallback_lane with copied lane files, static_validation.json, smoke_dry_run.json, prompt_request.json, and RUN_PACKAGE_MANIFEST.json; package result is pass_local_only and records execution_allowed=false, ec2_started=false, generation_executed=false","tools/New-WorkflowRunPackage.ps1; runtime_artifacts/run_packages/sdxl_low_risk_fallback_lane_20260706T081301-0500/RUN_PACKAGE_MANIFEST.json; runtime_artifacts/run_packages/sdxl_low_risk_fallback_lane_20260706T081301-0500/prompt_request.json; runtime_artifacts/run_packages/sdxl_low_risk_fallback_lane_20260706T081301-0500/static_validation.json; runtime_artifacts/run_packages/sdxl_low_risk_fallback_lane_20260706T081301-0500/smoke_dry_run.json","PowerShell parser; New-WorkflowRunPackage.ps1; JSON parse checks; package manifest summary check; Test-RootProjectPreflight.ps1",PASS_LOCAL_ONLY_RUNTIME_BLOCKED_AUTH,runtime_artifacts/run_packages/sdxl_low_risk_fallback_lane_20260706T081301-0500/RUN_PACKAGE_MANIFEST.json,Refresh AWS browser or SSO login before EC2 static proof
2026-07-06T09:07:34-05:00,61,Hyperreal prompt-profile run package,"Added PromptProfiles/base_generation/hyperreal_editorial_portrait.json and profile-aware merging in tools/New-WorkflowRunPackage.ps1; generated sdxl_low_risk_fallback_lane_hyperreal_editorial_portrait_v1 with a concrete hyperreal editorial portrait prompt_request.json, static validation pass, smoke dry-run pass, ec2_started=false, and generation_executed=false","tools/New-WorkflowRunPackage.ps1; PromptProfiles/base_generation/hyperreal_editorial_portrait.json; runtime_artifacts/run_packages/sdxl_low_risk_fallback_lane_hyperreal_editorial_portrait_v1/RUN_PACKAGE_MANIFEST.json; runtime_artifacts/run_packages/sdxl_low_risk_fallback_lane_hyperreal_editorial_portrait_v1/prompt_request.json; runtime_artifacts/run_manifests/ROOT_LOCAL_PREFLIGHT_20260706T090734-0500.json","PowerShell parser; New-WorkflowRunPackage.ps1 -PromptProfileFile; JSON parse checks; prompt-node assertion; git diff --check; staged secret scan; Test-RootProjectPreflight.ps1",PASS_LOCAL_ONLY_RUNTIME_BLOCKED_AUTH,runtime_artifacts/run_packages/sdxl_low_risk_fallback_lane_hyperreal_editorial_portrait_v1/RUN_PACKAGE_MANIFEST.json,"After AWS auth refresh and EC2 static proof, use the profile package prompt_request.json for bounded hyperreal portrait workflow execution"
2026-07-06T09:17:11-05:00,60/61,Package-fed EC2 workflow smoke handoff,"Added -RunPackageManifestFile support to Invoke-EC2WorkflowSmokeRun.ps1, validated run package lane/result/hash/profile metadata before EC2 gates, wired package dry-run coverage into Test-OperationsHelperStatic.ps1, and generated clean post-push dry-run evidence showing request_source=run_package, run_package.valid=true, local Git gate pass, ec2_started=false, and generation_executed=false","Plan/Instructions/Operations/Scripts/Invoke-EC2WorkflowSmokeRun.ps1; Plan/Instructions/Operations/Scripts/Test-OperationsHelperStatic.ps1; README.md; Plan/Instructions/QA/Evidence/Workflow_Runtime/W61_EC2_WORKFLOW_SMOKE_RUN_DRY_RUN_HYPERREAL_PACKAGE_20260706T091711-0500.json; Plan/Instructions/QA/Evidence/Workflow_Runtime/W61_EC2_WORKFLOW_SMOKE_RUN_REQUEST_HYPERREAL_PACKAGE_20260706T091711-0500.json","PowerShell parser; Invoke-EC2WorkflowSmokeRun.ps1 -RunPackageManifestFile dry-run; Test-OperationsHelperStatic.ps1; git diff --check; staged secret scan",PASS_LOCAL_ONLY_RUNTIME_BLOCKED_AUTH,Plan/Instructions/QA/Evidence/Workflow_Runtime/W61_EC2_WORKFLOW_SMOKE_RUN_DRY_RUN_HYPERREAL_PACKAGE_20260706T091711-0500.json,"After AWS auth refresh, rerun readiness/static proof, then run Invoke-EC2WorkflowSmokeRun.ps1 -Execute with -RunPackageManifestFile for the hyperreal package"
2026-07-06T09:24:29-05:00,60/61,Package-aware runtime unblock handoff,"Added -RunPackageManifestFile support to New-RuntimeUnblockHandoff.ps1, recorded run package validation in gate_summary.run_package, and updated operations validation so runtime_unblock_handoff_smoke supplies the hyperreal package and asserts bounded_workflow_smoke includes -RunPackageManifestFile","Plan/Instructions/Operations/Scripts/New-RuntimeUnblockHandoff.ps1; Plan/Instructions/Operations/Scripts/Test-OperationsHelperStatic.ps1; Plan/Instructions/QA/Evidence/Runtime_Readiness/W61_RUNTIME_UNBLOCK_HANDOFF_HYPERREAL_PACKAGE_20260706T092429-0500.json; Plan/Instructions/QA/Evidence/Runtime_Readiness/W61_RUNTIME_UNBLOCK_HANDOFF_HYPERREAL_PACKAGE_20260706T092429-0500.md; Plan/Instructions/QA/Evidence/Operations_Static_Validation/W60_OPERATIONS_HELPER_CURRENT_VALIDATION_PACKAGE_HANDOFF_20260706T092429-0500.json","PowerShell parser; New-RuntimeUnblockHandoff.ps1 -RunPackageManifestFile; Test-OperationsHelperStatic.ps1; JSON parse checks; Markdown command check; git diff --check; staged secret scan",PASS_LOCAL_ONLY_RUNTIME_BLOCKED_AUTH,Plan/Instructions/QA/Evidence/Runtime_Readiness/W61_RUNTIME_UNBLOCK_HANDOFF_HYPERREAL_PACKAGE_20260706T092429-0500.json,"After AWS auth refresh, use the package-aware handoff Markdown and run the package-fed EC2 smoke coordinator only after readiness/static proof gates pass"
2026-07-06T09:34:15-05:00,60/61,Active lane model registry coverage,"Created Plan/Registries/Models with two checkpoint records and a runtime validation queue for the active low-risk SDXL and RealVisXL lanes, fixed Invoke-CivitaiModelLookup.ps1 URL encoding, fetched RealVisXL V5.0 metadata through the project env credentials without printing secrets, and added model registry coverage validation wired into QA helper smoke tests","Plan/Registries/Models/model_registry.jsonl; Plan/Registries/Models/model_runtime_validation_queue.csv; Plan/Registries/Models/model_registry_index.md; Plan/Registries/Models/metadata/civitai/realvisxl_query_20260706T093109-0500.json; Plan/Instructions/Operations/Scripts/Invoke-CivitaiModelLookup.ps1; Plan/Instructions/QA/Scripts/Test-WorkflowModelRegistryCoverage.ps1; Plan/Instructions/QA/Scripts/Test-QAHelperStatic.ps1; Plan/Instructions/QA/Evidence/Model_Registry/W61_MODEL_REGISTRY_COVERAGE_20260706T093415-0500.json","Civitai metadata lookup; Test-WorkflowModelRegistryCoverage.ps1; Test-QAHelperStatic.ps1; Test-OperationsHelperStatic.ps1",PASS_LOCAL_ONLY_RUNTIME_BLOCKED_AUTH,Plan/Instructions/QA/Evidence/Model_Registry/W61_MODEL_REGISTRY_COVERAGE_20260706T093415-0500.json,"After AWS auth refresh, run EC2 static path/hash proof for sdxl_low_risk_fallback_lane before generation"
2026-07-06T09:38:06-05:00,59,Generated index refresh after model registry coverage,"Regenerated Plan/Items/Tracker/Instructions generated indexes after active model registry coverage, validated row-count parity, verified new registry/script/evidence files are indexed, and kept EC2/generation untouched","Plan/Instructions/Indexes/Generated; Plan/Instructions/QA/Evidence/Index_Validation/W59_LIVE_INDEX_REFRESH_MODEL_REGISTRY_COVERAGE_20260706T093806-0500.json","Generate-Project-Indexes.ps1; Import-Csv; ConvertFrom-Json; discovery checks",PASS,Plan/Instructions/QA/Evidence/Index_Validation/W59_LIVE_INDEX_REFRESH_MODEL_REGISTRY_COVERAGE_20260706T093806-0500.json,"Checkpoint model registry coverage and continue with AWS-auth-gated EC2 static proof when available"
2026-07-06T09:45:00-05:00,60/61,Model registry gate integrated into runtime readiness,"Hardened lane readiness project readiness runtime handoff QA helper validation and operations helper validation so model registry coverage must pass before selected-lane EC2 static proof can be allowed; generated readiness project handoff QA and operations evidence with model_registry_coverage.coverage_allows_selected_lane_ec2_static_proof=true while AWS auth remains expired","Plan/Instructions/Operations/Scripts/Test-LaneRuntimeReadiness.ps1; Plan/Instructions/QA/Scripts/Test-ProjectReadinessSnapshot.ps1; Plan/Instructions/Operations/Scripts/New-RuntimeUnblockHandoff.ps1; Plan/Instructions/QA/Scripts/Test-QAHelperStatic.ps1; Plan/Instructions/Operations/Scripts/Test-OperationsHelperStatic.ps1; Plan/Instructions/QA/Evidence/Runtime_Readiness/W61_LANE_RUNTIME_READINESS_MODEL_REGISTRY_GATE_20260706T094500-0500.json; Plan/Instructions/QA/Evidence/Project_Readiness/W61_PROJECT_READINESS_SNAPSHOT_MODEL_REGISTRY_GATE_20260706T094500-0500.json; Plan/Instructions/QA/Evidence/Runtime_Readiness/W61_RUNTIME_UNBLOCK_HANDOFF_MODEL_REGISTRY_GATE_20260706T094500-0500.json; Plan/Instructions/QA/Evidence/QA_Helper_Static_Validation/W61_QA_HELPER_CURRENT_VALIDATION_MODEL_REGISTRY_GATE_20260706T094500-0500.json; Plan/Instructions/QA/Evidence/Operations_Static_Validation/W60_OPERATIONS_HELPER_CURRENT_VALIDATION_MODEL_REGISTRY_GATE_20260706T094500-0500.json","PowerShell parser; Test-LaneRuntimeReadiness.ps1; Test-ProjectReadinessSnapshot.ps1; New-RuntimeUnblockHandoff.ps1; Test-QAHelperStatic.ps1; Test-OperationsHelperStatic.ps1; git diff --check",PASS_LOCAL_ONLY_RUNTIME_BLOCKED_AUTH,Plan/Instructions/QA/Evidence/Runtime_Readiness/W61_LANE_RUNTIME_READINESS_MODEL_REGISTRY_GATE_20260706T094500-0500.json,"Regenerate generated indexes then checkpoint and push the model-registry gate integration"
2026-07-06T09:47:30-05:00,59,Generated index refresh after model registry gate integration,"Regenerated Plan/Items/Tracker/Instructions generated indexes after model-registry gate integration and tracker hydration updates; validated row-count parity and discoverability of the new gate evidence and updated state files; kept EC2 and generation untouched","Plan/Instructions/Indexes/Generated; Plan/Instructions/QA/Evidence/Index_Validation/W59_LIVE_INDEX_REFRESH_MODEL_REGISTRY_GATE_20260706T094730-0500.json","Generate-Project-Indexes.ps1; Import-Csv; ConvertFrom-Json; discovery checks; credential/private-path scan",PASS,Plan/Instructions/QA/Evidence/Index_Validation/W59_LIVE_INDEX_REFRESH_MODEL_REGISTRY_GATE_20260706T094730-0500.json,"Commit push and verify origin/main before any later EC2 execute path"
2026-07-06T10:15:00-05:00,59/61,Root preflight Git scaffold and model registry gate recheck,"Pushed root preflight model-registry gate commit to origin/main and reran tools/Test-RootProjectPreflight.ps1 from C:\Comfy_UI_Main; evidence passed with .git present, HEAD equal to origin/main, ignored .env, required root file structure present, active exported lanes static-valid, and model registry coverage passing for both active lanes; no EC2 start or generation occurred","tools/Test-RootProjectPreflight.ps1; runtime_artifacts/run_manifests/ROOT_LOCAL_PREFLIGHT_MODEL_REGISTRY_GATE_20260706T101500-0500.json; Plan/Instructions/QA/Evidence/Index_Validation/W59_LIVE_INDEX_REFRESH_ROOT_PREFLIGHT_MODEL_REGISTRY_GATE_20260706T101500-0500.json","git push origin main; Test-RootProjectPreflight.ps1; Generate-Project-Indexes.ps1; row-count parity checks; secret scan",PASS_LOCAL_ONLY_RUNTIME_BLOCKED_AUTH,runtime_artifacts/run_manifests/ROOT_LOCAL_PREFLIGHT_MODEL_REGISTRY_GATE_20260706T101500-0500.json,"Commit and push root preflight evidence then refresh AWS browser or SSO auth before EC2 static proof"
2026-07-06T10:15:00-05:00,60,Operations handoff Markdown validation,"Hardened runtime unblock handoff Markdown generation and operations helper smoke validation so the generated handoff Markdown must contain clean PowerShell fences, expected AWS account, first runtime lane, model registry result, readiness gate, and package-manifest routing text; operations helper validation passed locally with 16 scripts parsed, 10 local smokes, 0 smoke failures, and 0 evidence-contract failures","Plan/Instructions/Operations/Scripts/New-RuntimeUnblockHandoff.ps1; Plan/Instructions/Operations/Scripts/Test-OperationsHelperStatic.ps1; Plan/Instructions/QA/Evidence/Operations_Static_Validation/W60_OPERATIONS_HELPER_CURRENT_VALIDATION_ROOT_PREFLIGHT_HANDOFF_MARKDOWN_20260706T101500-0500.json","PowerShell parser; Test-OperationsHelperStatic.ps1; runtime_unblock_handoff_smoke; Markdown content checks",PASS_LOCAL_ONLY_RUNTIME_BLOCKED_AUTH,Plan/Instructions/QA/Evidence/Operations_Static_Validation/W60_OPERATIONS_HELPER_CURRENT_VALIDATION_ROOT_PREFLIGHT_HANDOFF_MARKDOWN_20260706T101500-0500.json,"Commit and push operations handoff validation with root preflight evidence"
2026-07-06T10:30:00-05:00,59/61,Current HEAD root preflight refresh,"Reran tools/Test-RootProjectPreflight.ps1 after pushed evidence commit 8bd059bdec2b2c8bd95a158930d2a26fa9d77b0a; evidence passed with .git present, HEAD equal to origin/main, ignored .env, root file structure present, active exported lanes static-valid, model registry coverage passing, no EC2 start, and no generation","tools/Test-RootProjectPreflight.ps1; runtime_artifacts/run_manifests/ROOT_LOCAL_PREFLIGHT_CURRENT_HEAD_20260706T103000-0500.json","Test-RootProjectPreflight.ps1; JSON parse; Git head/origin comparison",PASS_LOCAL_ONLY_RUNTIME_BLOCKED_AUTH,runtime_artifacts/run_manifests/ROOT_LOCAL_PREFLIGHT_CURRENT_HEAD_20260706T103000-0500.json,"Refresh AWS browser or SSO auth before EC2 static proof"
